id,source,lang-source,author,license,sme-reviewed,premium,lang-source-dict
73d98c7b-394e-4372-b89b-f292f17eea86,Aanhangig maken,nl-nl,Rechtspraak,CC0,True,False,"Het starten van een procedure bij de rechter; in een strafproces gebeurt dat door een dagvaarding of een oproep door de officier van justitie, in een civiel proces door een dagvaarding door de eisende partij aan de gedaagde partij of een verzoekschrift aan de rechter."
7cd82dd5-60f7-46ba-b72f-88ec7ec6a6a6,Aanhouden,nl-nl,Rechtspraak,CC0,True,False,"1. In het strafrecht: het feitelijk vasthouden van iemand die er van verdacht wordt een strafbaar feit te hebben begaan. 2. In een civiele of strafprocedure: het uitstel van de behandeling of de beslissing van de rechter. Aanleg De rechterlijke instantie waar de behandeling van een zaak plaatsvindt. De rechtbank is de eerste aanleg, het gerechtshof de tweede aanleg oftewel de hoger beroepsinstantie (of de Centrale Raad van Beroep, College van Beroep voor het bedrijfsleven of de Afdeling bestuur van de Raad van State)."
534db730-cd62-4e64-973a-0c829e94b267,Aanwijzing,nl-nl,Rechtspraak,CC0,True,False,1. Voorschrift hoe het Openbaar Ministerie zijn taak moet vervullen. Er is bijvoorbeeld een aanwijzing over de rol van een officier van justitie bij risicowedstrijden in het betaald voetbal. 2. Officieel bevel van de minister van Justitie aan het Openbaar Ministerie om een zaak op een bepaalde manier af te handelen.
4cdccfe3-9ff1-460a-a2dd-34c0f138704e,Aanzegging,nl-nl,Rechtspraak,CC0,True,False,"Bekendmaking door middel van het uitreiken van een gerechtelijk schrijven, bijvoorbeeld een dagvaarding of een kennisgeving."
2ee86daf-e0a9-4e7d-9ba8-6c342a11961b,Absolute competentie of bevoegdheid,nl-nl,Rechtspraak,CC0,True,False,Bij het uitbrengen van een dagvaarding of het indienen van een verzoekschrift spelen in het algemeen twee vragen een rol. Ten eerste moet altijd worden vastgesteld welke ‘soort’ rechter bevoegd is om een zaak te behandelen. In de meeste gevallen zal het dan gaan om vast te stellen of men bij de ‘gewone’ civiele rechter of bij de kantonrechter moet zijn. Dit is de vraag van de absolute competentie. Ten tweede moet men vaststellen in welk arrondissement de rechter dient te worden benaderd. This is de vraag van de relatieve competentie.
9f1ef287-fe87-436a-99ad-dae6ed106ad8,Administratieve afhandeling,nl-nl,Rechtspraak,CC0,True,False,Procedure om buiten het strafrecht lichte (verkeers ) overtredingen af te handelen.
076c97cd-ec65-4cc2-8839-59010f536663,Administratieve rechtspraak,nl-nl,Rechtspraak,CC0,True,False,Zie: Bestuursrecht.
753a1d1b-5116-4a88-b75b-1d0c25ac9130,Adolescentenstrafrecht,nl-nl,Rechtspraak,CC0,True,False,Het is de toepassing van jeugdstrafrecht op 18 tot 23 jarigen. Zie ook: Jeugdstrafrecht
03b8bfaf-b4bc-420b-b61d-93dee3bd0f48,Advocaat,nl-nl,Rechtspraak,CC0,True,False,Raadsman of raadsvrouw in juridische aangelegenheden. Een advocaat is lid van de Nederlandse Orde van Advocaten.
fbae4a72-7acf-41b0-a99d-637248f2eb85,Advocaat generaal (A G),nl-nl,Rechtspraak,CC0,True,False,1. Vertegenwoordiger van het Openbaar Ministerie OM) bij een gerechtshof. Zijn taak komt overeen met die van de officier van justitie bij de rechtbank. 2. Bij de Hoge Raad: adviseur van de Hoge Raad. Deze advocaat generaal werkt niet voor het Openbaar Ministerie.
fdd9ba3e-54ee-4dcc-a26e-5d5dd7d08699,Akte,nl-nl,Rechtspraak,CC0,True,False,Ondertekend geschrift dat als bewijs kan dienen.
8065caf2-b6cd-4354-bb2d-4aa329582530,Ambtshalve toevoeging,nl-nl,Rechtspraak,CC0,True,False,"Toewijzing door de rechter van een advocaat die kosteloos rechtsbijstand verleent aan verdachten, vreemdelingen of psychiatrische patiënten die in bewaring zijn gesteld (zie ook: Inbewaringstelling) zonder dat zij daartoe zelf een verzoek hoeven indienen."
a23b2bad-3052-402f-aa9c-8394169e6380,Appel,nl-nl,Rechtspraak,CC0,True,False,"Hoger beroep; de mogelijkheid om, als men het niet eens is met een rechterlijke uitspraak, een nieuwe uitspraak van een hogere rechter te vragen. Als een zaak bij de rechtbank heeft gediend en hoger beroep wordt ingesteld, dan wordt de zaak behandeld door het gerechtshof, College van Beroep voor het bedrijfsleven of de Centrale Raad van Beroep. In beroep gaan bij de Hoge Raad heet geen ‘appel’ maar ‘cassatie’."
12c47216-b01f-4285-be88-114339f51987,Appellant,nl-nl,Rechtspraak,CC0,True,False,Degene die in hoger beroep gaat.
8c69fb94-dec9-443b-b255-91d987d5d50f,Arbitrage,nl-nl,Rechtspraak,CC0,True,False,"Vorm van geschilbeslechting waarbij niet de rechter, maar één of meer door de partijen zelf aangewezen scheidsrechters (arbiters) een uitspraak doen. Zie ook: Geschillencommissies."
bf0bba2b-f939-4406-adac-edee14a70b2b,Arrest,nl-nl,Rechtspraak,CC0,True,False,Uitspraak van een gerechtshof of de Hoge Raad in een civiele dagvaardingsprocedure of van een strafzaak.
bd0a5314-2e29-4b5c-9c48-fdb8b7f1a560,Arrondissement,nl-nl,Rechtspraak,CC0,True,False,Rechtsgebied. Nederland is verdeeld in elf arrondissementen. Zie ook: Ressort.
433a021a-6a9b-4b19-817e-770e7965f7f8,Arrondissementsparket,nl-nl,Rechtspraak,CC0,True,False,Het kantoor van het Openbaar Ministerie in een arrondissement. Op het arrondissementsparket werken de officieren van justitie en ondersteunend personeel onder leiding van een hoofdofficier van justitie. De parketten zijn gevestigd in dezelfde steden als de rechtbanken.
4c8cf7f6-6988-4f95-8777-89c85b370b03,Balie,nl-nl,Rechtspraak,CC0,True,False,Aanduiding voor de gehele advocatuur.
1772b644-1eb7-426f-8724-16137b456e1b,Beklag,nl-nl,Rechtspraak,CC0,True,False,De mogelijkheid voor rechtstreeks belanghebbenden om te klagen als door het Openbaar Ministerie is besloten om een strafbaar feit niet (verder) te vervolgen. De beslissing om al dan niet alsnog te vervolgen wordt ter beoordeling aan het gerechtshof voorgelegd.
be0e7881-dc61-4ef5-9f81-d50edd91a510,Belanghebbende,nl-nl,Rechtspraak,CC0,True,False,Iemand die betrokken is bij een besluit of geschil en daar (rechtstreeks) belang bij heeft.
12c18724-16e5-4c01-a6b1-400dc4dd1640,Bemiddeling,nl-nl,Rechtspraak,CC0,True,False,Een alternatieve manier om tot een oplossing van geschillen te komen. Een onafhankelijke deskundige bemiddelaar verleent hulp om partijen tot elkaar te brengen.
2ef3ba5e-1e08-431e-a052-5a2fe078bd85,Benadeelde partij,nl-nl,Rechtspraak,CC0,True,False,Iemand die door een strafbaar feit schade heeft ondervonden. Een benadeelde partij kan zich voegen in het strafproces om als slachtoffer schadevergoeding van de dader te vorderen. Beroep Zie: Hoger beroep.
521fd551-734f-44ef-a24a-8336256e9eed,Beschikking,nl-nl,Rechtspraak,CC0,True,False,"1. In het bestuursrecht: Een beslissing van een overheidsorgaan in een concreet geval, bijvoorbeeld het verlenen van een bouwvergunning. 2. In het civiele recht: een rechterlijke uitspraak in een procedure die begint met een verzoekschrift. Een uitspraak in een procedure die begint met een dagvaarding, heet een vonnis."
68b1033a-987a-4ef1-855b-51f1f660a4e8,Beslag,nl-nl,Rechtspraak,CC0,True,False,"Inbeslagneming van voorwerpen waarmee strafbare feiten zijn gepleegd, bijvoorbeeld omdat ze nodig zijn voor het bewijs of omdat ze gevaarlijk zijn (drugs, wapens), of om de criminele winsten af te romen (geld, auto’s, huizen, jachten). Dit beslag geschiedt in opdracht van de officier van justitie."
610a7e61-1ea4-4379-9382-80ad456f6564,Bestuursorganen,nl-nl,Rechtspraak,CC0,True,False,"Organen die belast zijn met overheidstaken, zoals het College van burgemeester en wethouders of een uitkeringsinstantie als het UWV."
b0e4ae2b-40e8-434f-9039-43b5ef40f5ea,Bestuursrechtspraak,nl-nl,Rechtspraak,CC0,True,False,Rechtspraak die zich bezighoudt met geschillen over besluiten van een overheidsorgaan. De geschillen kunnen zich zowel tussen burgers en bestuursorganen als tussen bestuursorganen onderling afspelen. Bestuursrecht is de moderne benaming voor wat vroeger administratief recht heette.
e1a1c971-79d1-4722-b5f2-eedb921ef269,Betekening,nl-nl,Rechtspraak,CC0,True,False,"Uitreiking van gerechtelijke stukken, zoals een dagvaarding, een oproeping of een vonnis, aan een verdachte, een getuige, een gedaagde partij of belanghebbende."
56537fd3-1475-47d1-a106-82b5636301ab,Bewaring,nl-nl,Rechtspraak,CC0,True,False,Zie: Inbewaringstelling.
a197da9b-8838-4c35-a6b3-09fb6cb5b518,Bewijslast,nl-nl,Rechtspraak,CC0,True,False,De verplichting tot het leveren van bewijs in een proces.
32e24df8-c7ff-41f2-bdef-4b98dec32eab,Bewijsmiddelen,nl-nl,Rechtspraak,CC0,True,False,Middelen die de rechter overtuigen dat een verdachte schuldig is. De rechter gebruikt deze bij de motivering van het vonnis. Een andere term voor ‘bewijsmiddelen’ is ‘bewijsmateriaal’.
2a758f94-f1e7-40bc-be5d-4a98031dbac4,Bodemprocedure,nl-nl,Rechtspraak,CC0,True,False,Term die gebruikt wordt om de normale civiele procedure bij de rechtbank af te zetten tegen het kort geding of de voorlopige voorziening.
e858dc20-554d-4100-a0b2-ff12c84742ff,Burgerlijke rechtspraak,nl-nl,Rechtspraak,CC0,True,False,Zie: Civiele rechtspraak
7a07df86-d3b0-4a1c-ab25-9e8c9c942dc7,"Cassatie, in cassatie gaan",nl-nl,Rechtspraak,CC0,True,False,In beroep gaan bij de Hoge Raad tegen een beslissing van een lagere rechter.
5ce4df6f-6df5-4a50-aeaa-d7b587f479d4,Casseren,nl-nl,Rechtspraak,CC0,True,False,Het vernietigen van een uitspraak van een lagere rechter door de Hoge Raad.
4c887a37-9d03-46cc-9e87-e9eae1ea449e,Cautie,nl-nl,Rechtspraak,CC0,True,False,Mededeling aan de verdachte dat hij het recht heeft om te zwijgen.
21cb851d-104b-4b01-8dad-fc3dcc7d0f19,Centrale Raad van Beroep (CRvB),nl-nl,Rechtspraak,CC0,True,False,"Beroepsinstantie die in hoger beroep beslist in geschillen over sociale verzekeringswetten en ambtenarenzaken, nadat men in beroep is gegaan tegen een uitspraak van de bestuursrechter van de rechtbank."
25def1d5-94e0-4b6e-8ef4-3735bf2b2597,Civiel recht,nl-nl,Rechtspraak,CC0,True,False,"Recht dat betrekking heeft op geschillen tussen burgers onderling, tussen bedrijven onderling of burgers en bedrijven. Het civiel recht wordt ook burgerlijk recht of privaatrecht genoemd."
b3053da2-645c-4e3b-ac0b-54100791fd56,College van Beroep voor het bedrijfsleven (CBb),nl-nl,Rechtspraak,CC0,True,False,"Een bestuursrechterlijk college dat oordeelt over geschillen op het terrein van het sociaal economisch bestuursrecht. Daarnaast is het College de hoger beroepsinstantie voor uitspraken betreffende een aantal wetten, zoals bijvoorbeeld de Mededingingswet en de Telecommunicatiewet."
339be7b6-427b-4683-95df-e14f051a845f,College van procureursgeneraal,nl-nl,Rechtspraak,CC0,True,False,Uit vijf personen bestaand college dat aan het hoofd staat van het Openbaar Ministerie.
0d49ae32-69db-4d60-bb7a-8aae6e4a7834,Comparitie van partijen,nl-nl,Rechtspraak,CC0,True,False,"Het op rechterlijk bevel persoonlijk verschijnen van partijen voor de rechter, meestal om tot een schikking te komen of nadere uitleg te geven in een civiele procedure."
b11d09f8-c0af-49c3-845b-7eaea4a75405,Competentie,nl-nl,Rechtspraak,CC0,True,False,Geeft aan welke rechter bevoegd is voor welk soort zaak. Zie ook: Absolute competentie en Relatieve competentie.
e279fadb-8ca9-4dda-9a1d-36b3a470d46f,Conclusie van antwoord,nl-nl,Rechtspraak,CC0,True,False,Het eerste verweer van de gedaagde tegen hetgeen de eiser stelt in een civiel proces in de dagvaardingsprocedure.
fa36371f-5b51-4d3d-9037-d51837c1338f,Conservatoir beslag,nl-nl,Rechtspraak,CC0,True,False,"Beslag op goederen na toestemming van een rechter, vooruitlopend op een uitspraak over een geschil."
50076cf5-841c-4a06-9702-c31149c9a09a,Contra expertise,nl-nl,Rechtspraak,CC0,True,False,Tegenonderzoek door een deskundige.
97b245b7-4845-4cb4-83f2-3d3e5961537b,Contradictoir,nl-nl,Rechtspraak,CC0,True,False,Zaak op tegenspraak. Dit betekent dat de gedaagde of de verweerder (in het civiel recht) of de verdachte/raadsman van verdachte (in het strafrecht) in de procedure is verschenen en zijn kijk op de zaak heeft kunnen geven.
baaf04ca-a5b6-4cd9-906c-acba4ec73d52,Cumulatie,nl-nl,Rechtspraak,CC0,True,False,In burgerlijk procesrecht: het samenvoegen van meerdere rechtsvorderingen.
343c1ddf-26ab-4188-8715-47d0e566a321,Cumulatieve tenlastlegging,nl-nl,Rechtspraak,CC0,True,False,Dagvaarding waarin aan de verdachte meerdere feiten worden verweten.
573a32db-a36f-4b82-bf33-beebc260c35d,Curator,nl-nl,Rechtspraak,CC0,True,False,1. Persoon die door de rechtbank wordt aangewezen om op te treden namens iemand die handelingsonbekwaam is (onder curatele is gesteld). 2. In faillissementen is de curator degene die het vermogen van degene die failliet is gegaan te gelde maakt en verdeelt over de schuldeisers. 3. In het familie en jeugdrecht wordt een bijzondere curator benoemd om op te komen voor de belangen van een kind als de ouder of voogd dat niet wil of kan doen.
499b0471-3113-4f18-9c6d-03df00e484de,Dading,nl-nl,Rechtspraak,CC0,True,False,Een overeenkomst of schikking tussen partijen waardoor de rechter geen uitspraak meer hoeft te doen. Het is een contract tussen slachtoffer en dader waarin de schade wordt vergoed.
805cd042-ec3b-4268-a212-328638e8d03b,Dader,nl-nl,Rechtspraak,CC0,True,False,(Mede)pleger van een strafbaar feit of degene die het feit heeft uitgelokt.
031780d4-d142-4e56-9b57-400f58aa352e,Dagvaarding,nl-nl,Rechtspraak,CC0,True,False,Oproep om voor het gerecht te verschijnen.
b9902ad0-6b46-4354-97fc-e82723acd33b,Delict,nl-nl,Rechtspraak,CC0,True,False,Strafbaar feit.
eb131771-e8cf-4844-a324-314b834953b5,Derdenverzet,nl-nl,Rechtspraak,CC0,True,False,Bijzonder rechtsmiddel dat iemand kan aanwenden wanneer hij meent benadeeld te zijn door een vonnis dat tussen andere partijen is uitgesproken.
78949713-3e69-4818-becf-1ef61fecdc0d,Descente,nl-nl,Rechtspraak,CC0,True,False,Een bezichtiging door de rechter op de plek waar de oorzaak van het geschil zichtbaar is of waar het geschil zich afspeelt (‘plaatsopneming’). In het strafrecht heet dit een schouw.
e9d28f37-57b1-4400-bfa8-aee52c01e803,Deurwaarder (gerechtsdeurwaarder),nl-nl,Rechtspraak,CC0,True,False,"Een bij koninklijk besluit benoemde openbaar ambtenaar, die belast is met het uitbrengen van dagvaardingen en andere exploten en het verrichten van ontruimingen, inbeslagnemingen en executoriale verkopingen. Een deurwaarder kan ook optreden als proces of rolgemachtigde en rechtsbijstand verlenen."
a0627448-a047-4fe0-a635-9fdc7210bcc5,Discretionaire bevoegdheid,nl-nl,Rechtspraak,CC0,True,False,De vrije beslissingsruimte van de rechter.
e69f2738-ddad-4d31-8363-9b7dd4221b2c,Doodslag,nl-nl,Rechtspraak,CC0,True,False,"Het iemand van het leven beroven zonder dat sprake is van een van tevoren beraamd plan. Wel moet er opzet in het spel zijn, want anders is het hoogstens dood door schuld. De maximumstraf voor doodslag is vijftien jaar gevangenisstraf. Zie ook: Moord."
6ef88b65-8420-4709-baf2-984197d9e90d,Dupliek,nl-nl,Rechtspraak,CC0,True,False,Het antwoord van de gedaagde op de conclusie van repliek door de eiser in de dagvaardingsprocedure (civiele zaken).
519b44c6-326f-4751-9d94-d608c44155ab,Dwangmiddelen,nl-nl,Rechtspraak,CC0,True,False,"1. Middelen die bij een strafrechtelijk onderzoek kunnen worden gebruikt tegen de wil van de verdachte. Bijvoorbeeld: fouilleren, afluisteren, huiszoeking. 2. Pressiemiddelen ter uitoefening van bestuursdwang om naleving van wettelijke voorschriften te bewerkstelligen."
5a1bc543-c12d-4836-8994-21a197b48122,Dwangsom,nl-nl,Rechtspraak,CC0,True,False,Bedrag dat iemand moet betalen als hij niet voldoet aan een verplichting die hem door de rechter is opgelegd. In het bestuursrecht is het een bedrag dat iemand moet betalen als niet voldaan wordt aan de last die door een bestuursorgaan is opgelegd.
287cb5e0-683a-4413-8c9f-e824960cd5fd,Economische politierechter,nl-nl,Rechtspraak,CC0,True,False,"Strafrechter die beslist over economische vergrijpen, zoals overtreding van de winkelsluitingswet of de warenwet."
0b3fc06a-c84b-40e1-85ce-6b2adf058f38,Eed of belofte,nl-nl,Rechtspraak,CC0,True,False,"Plechtige verklaring van een getuige op de zitting dat hij de waarheid zal spreken. Hij is dit verplicht. Als hij opzettelijk een valse verklaring aflegt, maakt hij zich schuldig aan meineed."
6a440374-4803-45d2-ad45-e608ca6745c7,Eenvoudig/enkelvoudig delict,nl-nl,Rechtspraak,CC0,True,False,"Lichtste vorm van een delict, bijvoorbeeld diefstal."
65ab8736-43f7-45a6-8c69-397b8d1e3067,Eerste instantie (eerste aanleg),nl-nl,Rechtspraak,CC0,True,False,Gerecht waar iemand begint met een procedure. Meestal is dat de rechtbank.
8b676611-3481-493b-9ffa-44f4f1af810b,Eerste en enige instantie,nl-nl,Rechtspraak,CC0,True,False,Procedure zonder de mogelijkheid om in beroep te gaan.
ad6ac79d-6dcc-4f37-b89d-3ca1dff5760e,Eis,nl-nl,Rechtspraak,CC0,True,False,Straf die de verdachte volgens de officier van justitie zou moeten krijgen.
72c112d1-f517-4034-8d78-006bb3fa0816,Eiser,nl-nl,Rechtspraak,CC0,True,False,Degene die een (civiele) procedure begint in de dagvaardingsprocedure.
219bfa54-72a2-4002-acbc-2230100a65fe,Elektronisch toezicht,nl-nl,Rechtspraak,CC0,True,False,Door een elektronische chip in een niet te verwijderen enkelband kan op afstand worden gecontroleerd of een veroordeelde zich aan zijn voorwaarden bij een voorwaardelijke straf houdt.
c88906d1-5cd6-4104-854f-1054b3b94199,Enkelvoudige kamer,nl-nl,Rechtspraak,CC0,True,False,"Zitting met één rechter die rechtspreekt (bijvoorbeeld politierechter, kinderrechter, president in kort geding en economische politierechter). Zie ook: Meervoudige kamer."
574ebbda-1366-41fd-a8e9-35b4db30a4ca,Enquête,nl-nl,Rechtspraak,CC0,True,False,Zitting waarin de rechter getuigen hoort in een civiele zaak.
4dcc8734-b6dd-42af-9ffc-58ef9e6433c6,Executie van een vonnis,nl-nl,Rechtspraak,CC0,True,False,"Tenuitvoerlegging van een arrest, vonnis of beschikking, eventueel met behulp van een deurwaarder. Handeling van de deurwaarder om bepaalde voorwerpen of gelden aan de macht van de verliezende partij te onttrekken, zodat daarmee degene die door de rechter in het gelijk is gesteld zijn voorwerpen terugkrijgt of zijn schuld betaald krijgt."
9cb0b4eb-000d-44a8-9106-9d492dfc5f6e,Ex nunc,nl-nl,Rechtspraak,CC0,True,False,"Vanaf nu. Beoordeling ex nunc is een beoordeling vanuit de huidige situatie, niet naar de situatie ten tijde van een gebeurtenis uit het verleden"
d4947fb3-3f90-43df-9adf-964527e07cab,Ex tunc,nl-nl,Rechtspraak,CC0,True,False,Vanaf toen. Beoordeling ex tunc is een beoordeling naar de situatie van toen of vanaf het moment dat de gebeurtenis plaatsvond.
943f9cb0-6433-42c3-ba3c-da789dc2c7d9,Executoriale titel,nl-nl,Rechtspraak,CC0,True,False,"Vorm waarin een afschrift van een rechterlijk vonnis is opgemaakt, zodat de gerechtsdeurwaarder het vonnis ten uitvoer kan leggen. Een vonnis in executoriale vorm begint altijd met de woorden “In naam des konings”."
4312020a-9c9c-4d8d-956e-40c647c23d92,Exploot (of exploit),nl-nl,Rechtspraak,CC0,True,False,"Verzamelnaam voor officiële stukken die uitsluitend door een gerechtsdeurwaarder kunnen worden uitgebracht, bijvoorbeeld een dagvaarding"
702187ca-7719-4660-b464-3cf3435aa245,Formeel recht,nl-nl,Rechtspraak,CC0,True,False,Regels die aangeven op welke wijze een proces moet worden gevoerd.
b7982884-0163-49bf-8c03-2ca7b3ca6480,Forum,nl-nl,Rechtspraak,CC0,True,False,"Gerecht, een rechterlijk college."
0d4de4eb-cd34-467b-882b-7ae853d1fe3a,Fourneren,nl-nl,Rechtspraak,CC0,True,False,Het overleggen van de procesdossiers aan de rechter met het doel om een vonnis te krijgen.
52cd41bc-8206-46d6-a1a4-865384c40efd,Gedaagde,nl-nl,Rechtspraak,CC0,True,False,In civiel recht: degene tegen wie een eis of vordering wordt gericht in de dagvaardingsprocedure. Tegenpartij van de eiser.
9522d35a-8231-4e16-9a84-b867b7356200,Gedetineerde,nl-nl,Rechtspraak,CC0,True,False,Gevangene.
385d6129-d697-43fe-9ed3-423beea2b20e,Geïntimeerde,nl-nl,Rechtspraak,CC0,True,False,Partij in hoger beroep die in de dagvaarding door de appellant (degene die in hoger beroep gaat) opgeroepen wordt om voor een hoger gerecht te verschijnen.
23b96493-4855-4a49-bf8c-95322c5cbfde,Gelaedeerde,nl-nl,Rechtspraak,CC0,True,False,Iemand die nadeel heeft ondervonden van een onrechtmatige daad.
c089a31a-61fd-49be-90a8-8bc5e24b3418,Gemachtigde,nl-nl,Rechtspraak,CC0,True,False,Iemand die als vertegenwoordiger namens een partij optreedt in de procedure.
2215bc14-7cd5-4507-9c0d-476e7b34df50,Geopposeerde,nl-nl,Rechtspraak,CC0,True,False,Tegenpartij in een civiele verzetprocedure. Zie ook: Verzet.
8f676b9c-f87c-4435-a601-39322de9a6f4,Gerecht,nl-nl,Rechtspraak,CC0,True,False,"Rechtsprekende instantie. Bijvoorbeeld: rechtbank, gerechtshof, Centrale Raad van Beroep, College van Beroep voor het bedrijfsleven, Afdeling bestuur van de Raad van State, Hoge Raad."
34d7bcb0-6313-43a0-bfbd-49ba4df219d6,Gerechtsauditeur,nl-nl,Rechtspraak,CC0,True,False,1. Opleidingsfunctie voor juristen die rechter willen worden. 2. Ondersteunende functie bij Hoge Raad en Centrale Raad van Beroep.
ea463d97-810c-497e-80d7-c7582e8a0e6c,Gerechtsdeurwaarder,nl-nl,Rechtspraak,CC0,True,False,Zie: Deurwaarder.
92977281-e8b2-4a44-bc47-0f5791a787de,Gerechtshof,nl-nl,Rechtspraak,CC0,True,False,Gerecht dat zaken in hoger beroep behandelt. Nederland kent vier gerechtshoven.
fccbc404-6678-4263-8650-086b73e8a461,Gerechtssecretaris,nl-nl,Rechtspraak,CC0,True,False,"Functionaris bij de gerechten die de rechter ondersteunt bij juridische werkzaamheden, zoals het schrijven van een uitspraak, die op de zitting als griffier functioneert. Ook wel juridisch medewerker genoemd."
625f5f8a-989b-4d9e-8326-8ccfc65e2a0c,Gerekestreerde,nl-nl,Rechtspraak,CC0,True,False,Wederpartij van de verzoeker in een verzoekschriftprocedure. Also wel verweerder genoemd.
ec6a73e7-fbeb-4eb5-b909-e4bc8abd0a64,Getuige à charge,nl-nl,Rechtspraak,CC0,True,False,Getuige in een strafproces die wordt opgeroepen door de officier van justitie. De getuige legt in de regel een verklaring af die belastend is voor de verdachte.
3cf31ace-8632-4ac5-bedc-90272852b20f,Getuige à decharge,nl-nl,Rechtspraak,CC0,True,False,Getuige in een strafproces die is opgeroepen door de verdachte of zijn advocaat. Deze getuige zal in het algemeen ontlastende verklaringen afleggen.
a506999c-d36c-4816-aaaa-2b5d2e7530c7,Gevangenhouding,nl-nl,Rechtspraak,CC0,True,False,Vorm van voorlopige hechtenis. Daaraan vooraf gaat de door de rechtercommissaris bevolen bewaring. De raadkamer van de rechtbank beslist over gevangenhouding. Het bevel tot gevangenhouding is van kracht gedurende een termijn van ten hoogste negentig dagen
e5d64208-c867-4aee-b3e0-e1bfa8279619,Gezagsregister,nl-nl,Rechtspraak,CC0,True,False,Register waarin rechtsfeiten met betrekking tot het gezag worden bijgehouden.
51f3d16e-5498-4142-b754-72c23e8bc486,Grief,nl-nl,Rechtspraak,CC0,True,False,Bezwaar dat in (hoger) beroep wordt aangevoerd.
1f8eb73d-ebc5-4e51-be39-668da1b62376,Griffier,nl-nl,Rechtspraak,CC0,True,False,Persoon die de rechter op de zitting ondersteunt en een verslag maakt van de zitting.
2af122c8-66a7-4fa7-8942-64cf3ff65f4f,Griffierecht,nl-nl,Rechtspraak,CC0,True,False,"Bedrag dat aan een gerecht moet worden betaald als men een civiele zaak of bestuursrechtzaak start, of daarin gedaagde is."
90b3b1aa-f9a9-46ca-a7de-2374c7122675,Grondwet,nl-nl,Rechtspraak,CC0,True,False,"In de Grondwet staan de grondrechten en plichten van alle Nederlanders. De Grondwet regelt ook de bevoegdheden van het parlement, de ministers en Koningin. Ook staat in de Grondwet hoe wetten worden gemaakt en hoe de rechtspraak werkt."
f9df6b10-7c1d-4749-b13d-a42a6677761e,Grosse,nl-nl,Rechtspraak,CC0,True,False,Een gewaarmerkt afschrift van een uitspraak dat voor de partijen bestemd is.
a0f267e8-9ab3-416d-87b7-53f19919ce10,HALT,nl-nl,Rechtspraak,CC0,True,False,"Afkorting voor Het Alternatief. Het Halt-bureau kan onbetaald werk opdragen als alternatief voor een boete of gevangenisstraf bij kleine vergrijpen zoals vernielingen of diefstalletjes. Halt is er alleen voor jeugdige daders. Het werk dat moet worden gedaan heeft zoveel mogelijk te maken met de aangerichte schade, bijvoorbeeld het verwijderen van graffiti. Als het werk goed is gedaan, is daarmee de zaak afgedaan en volgt er geen oproep meer om voor de kinderrechter te verschijnen."
099138f3-fe4c-4cca-90cb-181f68693751,Hechtenis,nl-nl,Rechtspraak,CC0,True,False,"Vorm van vrijheidstraf, die bijvoorbeeld wordt opgelegd bij overtredingen of bij het niet betalen van een boete. Zie ook: Huis van Bewaring."
48211602-dda0-4c3f-bab6-05b93d15438d,Heenzenden,nl-nl,Rechtspraak,CC0,True,False,Het vrijlaten van verdachten die in voorlopige hechtenis zitten of van veroordeelden die hun straf bijna hebben uitgezeten. Heenzendingen vinden plaats als er te weinig cellen zijn.
86d5bc49-f1ad-48d4-b8b6-66a16da9b33a,Herziening,nl-nl,Rechtspraak,CC0,True,False,"Buitengewoon rechtsmiddel tegen onherroepelijke veroordelingen in strafzaken. Kan bij de Hoge Raad worden aangevraagd wanneer zich een nieuw gegeven (zgn. novum) zich heeft geopenbaard, dat bij het onderzoek op de terechtszitting aan de rechter niet bekend was."
45d6b496-352a-48d7-a6cb-3b7ba872e81f,Hof/hoven,nl-nl,Rechtspraak,CC0,True,False,Zie: Gerechtshof.
5beac49d-540b-43a4-9f69-ff0fd2bea9f4,Hoge Raad,nl-nl,Rechtspraak,CC0,True,False,"Hoogste rechtscollege in Nederland. De Hoge Raad stelt niet meer zelf de feiten vast, maar bekijkt of de lagere rechter bij zijn beslissing het recht goed heeft toegepast."
4c5adca6-e8da-4eaf-ac8c-cc06ba2a1367,Hoger beroep,nl-nl,Rechtspraak,CC0,True,False,Het opnieuw behandelen van een zaak door een hogere rechter.
ba99cb70-298b-4280-b759-570ff2c289fe,Huis van Bewaring,nl-nl,Rechtspraak,CC0,True,False,Gebouw waar verdachten zitten die nog niet zijn voorgekomen en die in voorlopige hechtenis zitten. Ook bestemd voor personen die een licht vergrijp hebben begaan en daarvoor een hechtenisstraf kregen.
faf0afa9-7c23-413b-bfc4-6a3e577c9f30,Huiszoeking,nl-nl,Rechtspraak,CC0,True,False,Het doorzoeken van een woning om goederen in beslag te nemen.
2c0276f7-6b8a-4acf-b340-15e9a00dc0b2,Hulpofficier van justitie,nl-nl,Rechtspraak,CC0,True,False,Hogere politieman met speciale opleiding en speciale bevoegdheden die bij opsporing en vervolging het Openbaar Ministerie assisteert.
434de2c3-cc5b-4a27-898d-e6b7bd2092e7,Huwelijksgoederenregister,nl-nl,Rechtspraak,CC0,True,False,Openbaar register bij de arrondissementsrechtbank waarin op verzoek van betrokkenen wordt vermeld bijvoorbeeld of er huwelijkse voorwaarden zijn opgemaakt en of er een verzoekschrift tot echtscheiding is ingediend.
22cab855-b58d-4043-a0de-ea4ec5b156c6,Immateriële schade,nl-nl,Rechtspraak,CC0,True,False,"Schade die veroorzaakt is door verdriet, smart of geestelijk gemis. Deze schade is (in tegenstelling tot materiële schade) niet direct in geld uit te drukken. De vergoeding die wordt uitgekeerd om immateriële schade te vergoeden heet smartengeld."
3b12fbb3-9b6b-442f-8516-932fc253cc57,Inbewaringstelling,nl-nl,Rechtspraak,CC0,True,False,1. In het strafrecht: voorlopige hechtenis in opdracht van de rechter commissaris; 2. In het vreemdelingenrecht: opsluiting van iemand die niet over geldige verblijfspapieren beschikt; 3. In het kader van de Wet Bijzondere Opneming Psychiatrische Ziekenhuizen: gedwongen opname in een psychiatrische inrichting van iemand die psychisch gestoord is en een gevaar vormt voor zichzelf of zijn omgeving.
f73f387e-304b-4a26-8e58-0da4b30b807d,Incidenteel tussengeschil,nl-nl,Rechtspraak,CC0,True,False,Voorval in een procedure dat de gewone voortgang van het proces ophoudt.
6cad9d8e-9374-4d60-aa8d-39595c066243,Incidenteel appel,nl-nl,Rechtspraak,CC0,True,False,"Hoger beroep, ingesteld nadat de wederpartij ook al in hoger beroep is gegaan tegen dezelfde beslissing. Ook wel genoemd: Incident."
90420ce1-bc61-46b2-bbc1-40d7320091c4,Inlichtingencomparitie,nl-nl,Rechtspraak,CC0,True,False,Het op bevel van de rechter verschijnen van partijen om inlichtingen te geven.
b5a1b575-58ba-4be3-85b9-2fbcee1bd73f,Insolventie,nl-nl,Rechtspraak,CC0,True,False,Staat waarin een persoon of onderneming niet aan zijn financiële verplichtingen kan voldoen. Gaat soms vooraf aan faillissement.
696d6495-e987-4e25-90f9-22033e86cbee,Inverzekeringstelling,nl-nl,Rechtspraak,CC0,True,False,"Het vasthouden van de verdachte als dat nodig is voor het onderzoek. De (hulp)officier van justitie beslist hierover. De inverzekeringstelling, die drie dagen duurt, kan worden bevolen bij middelzware en zware misdrijven en kan eenmaal met drie dagen worden verlengd. Daarna kan voorlopige hechtenis volgen. Zie ook: Voorlopige hechtenis"
25845935-ce3b-44d2-8880-e623db4edf96,Jeugdstrafrecht (of kinderstrafrecht),nl-nl,Rechtspraak,CC0,True,False,"Strafrecht voor jongeren tussen de 12 en 18 jaar. Kinderen jonger dan 12 jaar kunnen niet strafrechtelijk worden vervolgd. Bij het jeugdstrafrecht vinden zittingen achter gesloten deuren plaats. De leeftijdsgrenzen kunnen variëren. 16 en 17 jarigen kunnen volgens de regels van het volwassenenstrafrecht worden berecht als de ernst van het delict, hun persoonlijkheid of de omstandigheden waaronder het feit is begaan daar aanleiding voor geeft. Jongeren van 18 tot 23 jaar kunnen op grond van hun persoonlijkheid volgens de regels van het jeugdstrafrecht berecht worden. De rechter bepaalt welk recht van toepassing is."
6b22dd57-3b7c-4cb4-b7ab-dc48690754e9,Juridisch Loket,nl-nl,Rechtspraak,CC0,True,False,"Het Juridisch Loket is een door de overheid ingestelde, onafhankelijke organisatie waar iedere burger terecht kan voor gratis juridisch advies."
fd64f311-159f-45c0-a066-dd12e4cff7cb,Jurisprudentie,nl-nl,Rechtspraak,CC0,True,False,"Geheel van uitspraken van rechters. De jurisprudentie vormt een richtlijn voor de rechtspraak in latere, soortgelijke gevallen."
a166afba-39ff-4741-9126-0709ca84f27f,Jurist,nl-nl,Rechtspraak,CC0,True,False,"Een rechtsgeleerd persoon, of iemand die juridisch werk doet. ‘Jurist’ is geen wettelijk beschermde titel."
5c9014f6-6416-4041-bb19-e76ae37db2a8,"Justitia, Vrouwe Justitia",nl-nl,Rechtspraak,CC0,True,False,"Godin der gerechtigheid in het oude Rome. Vaak afgebeeld op gerechtsgebouwen met blinddoek, weegschaal en zwaard."
ff976b74-edca-4df9-a3fc-4a157f8e915d,Justitiabele rechtzoekende,nl-nl,Rechtspraak,CC0,True,False,"Verzamelnaam voor eiser, gedaagde, verdachte, verzoeker etc. Justitie Verzamelnaam voor functies die zich binnen de overheid bezighouden met de handhaving van het recht."
93c5cb1b-ff56-4c79-ac0c-e46bb04dbc62,Justitiële Informatiedienst,nl-nl,Rechtspraak,CC0,True,False,Dienst die na veroordeling misdrijven op naam registreert en deze strafrechtelijke gegevens onder bepaalde voorwaarden verstrekt (bijvoorbeeld ten behoeve van een Verklaring omtrent het gedrag).
8d38d889-ce6a-4297-bb8d-80da1afe8e16,Kamer,nl-nl,Rechtspraak,CC0,True,False,"Onderdeel van een rechterlijk college, zoals een strafkamer, belastingkamer, vreemdelingenkamer of militaire kamer. Zie ook: Enkelvoudige kamer en Meervoudige kamer."
3de912b2-6af6-48f5-8431-ad5d17bf189b,Kantonrechter,nl-nl,Rechtspraak,CC0,True,False,"De kantonrechter behandelt zowel civiele zaken als strafzaken. Het is een alleensprekende rechter die zaken als overtredingen uit het strafrecht, arbeidszaken, huurzaken en zaken onder de € 25.000,- behandelt. Vroeger was het kantongerecht een apart gerecht naast de rechtbanken, gerechtshoven en de Hoge Raad. De kantongerechten zijn opgegaan in de rechtbanken. De term ‘kantonrechter’ is blijven bestaan."
f339d07c-1e60-4117-a45f-5aaf2ec72714,Kantonrechtersformule,nl-nl,Rechtspraak,CC0,True,False,Afspraken tussen de kantonrechters over de wijze waarop de hoogte van een vergoeding bij een ontbinding van een arbeidsovereenkomst wordt berekend.
5e05d5ea-a6c3-4be3-b1dc-101f07a5d929,Kinderrechter,nl-nl,Rechtspraak,CC0,True,False,Rechter die jeugdstrafzaken en de civiele jeugdbeschermingszaken behandelt.
18ef7795-3608-4aaf-b238-c76684a987e8,Kinderstrafrecht,nl-nl,Rechtspraak,CC0,True,False,Zie: Jeugdstrafrecht.
419fee33-fc91-4269-ba90-4ebe07b3eb2a,Klachtdelict,nl-nl,Rechtspraak,CC0,True,False,"Delict dat alleen vervolgd kan worden als er een klacht is ingediend, bijvoorbeeld in geval van belediging."
3c130dd6-cd15-4962-95e9-31ef67312608,Kort geding,nl-nl,Rechtspraak,CC0,True,False,Procedure om in een spoedeisende civiele zaak snel een beslissing van de rechtbank te krijgen. Dit is een voorlopige uitspraak. Hierna kunnen de partijen alsnog naar de rechtbank gaan om de zaak voor te leggen (de ‘bodemprocedure’).
4e6f8538-081b-4d0d-9424-038e9870f740,Kracht van gewijsde,nl-nl,Rechtspraak,CC0,True,False,Een uitspraak heeft ‘kracht van gewijsde’ als daartegen geen beroep meer mogelijk is.
91052e22-42a3-4699-8ac5-2a0f472e613c,Kwalificatie in het strafrecht,nl-nl,Rechtspraak,CC0,True,False,De vaststelling van de aard van een strafbare handeling door de wettelijke benaming te geven en het artikel te noemen waarin die handeling strafbaar is gesteld
fdbac100-8c24-40c4-be48-aaf8ace9282b,Landsadvocaat,nl-nl,Rechtspraak,CC0,True,False,Zelfstandig advocaat die het rijk adviseert of namens het rijk optreedt als raadsman.
dbedd194-4721-4207-92ef-5c16dad9d759,Leerstraf,nl-nl,Rechtspraak,CC0,True,False,"Het verplicht volgen van een cursus of training als straf voor jeugdigen, met de bedoeling er iets van op te steken."
d27c49e6-ae99-4108-b54b-2b6458a58166,Legalisatie,nl-nl,Rechtspraak,CC0,True,False,Wettiging; verklaring van echtheid.
da5d7c26-df6e-45bb-a557-c2e7eeac0bca,Lik-op-stuk,nl-nl,Rechtspraak,CC0,True,False,Snel afhandelen van zaken door politie en justitie. De wetsovertreder krijgt meteen een acceptgiro voor de boete of een dagvaarding om op de zitting te komen.
87f8fe83-e9c2-43c0-b0a6-0b8aa7027985,Litispendentie,nl-nl,Rechtspraak,CC0,True,False,De situatie dat een geschil al bij een andere rechter in behandeling is.
31d17c60-fde0-4c1c-b213-b837f396359d,Lijdelijk,nl-nl,Rechtspraak,CC0,True,False,In het civiele recht is ‘de rechter lijdelijk’. Dat betekent dat hij alleen beslist op de geschilpunten die de partijen zelf naar voren brengen en een afwachtende houding aanneemt. In het strafproces en het bestuursproces is de rechter daarentegen leidend; hij onderzoekt de zaak die aan hem wordt voorgelegd.
02764df3-e608-4296-aa49-bf4ae1519a87,Maatregel,nl-nl,Rechtspraak,CC0,True,False,"Een maatregel kan worden opgelegd na het begaan van een strafbaar feit. Er kunnen maatregelen worden opgelegd in plaats van een straf of naast een straf. Voorbeelden zijn: terbeschikkingstelling (tbs), plaatsing in een psychiatrisch ziekenhuis, ontneming van wederrechtelijk verkregen voordeel, onttrekking van voorwerpen aan het verkeer."
5a074817-5d49-454f-9bc3-e771f04d6eb8,Magistratuur,nl-nl,Rechtspraak,CC0,True,False,"Alle leden van de rechterlijke macht, dus rechters (zittende magistratuur) en de leden van het Openbaar Ministerie (staande magistratuur)."
51e9c3c7-463f-49a2-99ee-578383756401,Materiële schade,nl-nl,Rechtspraak,CC0,True,False,Schade die direct in geld is uit te drukken.
3aebf473-1452-40e4-b90c-0176efcbf529,Mediation,nl-nl,Rechtspraak,CC0,True,False,Alternatieve methode om geschillen buiten de rechter om op te lossen. Wordt ook alternatieve geschilbeslechting genoemd.
aafb35bc-9f7e-4f87-bcb3-5cec920e82e5,Meervoudige kamer,nl-nl,Rechtspraak,CC0,True,False,"Een kamer van een gerecht, bestaande uit ten minste drie rechters. De meervoudige kamer beslist over zware of ingewikkelde zaken. In hoger beroep worden de zaken veelal door een meervoudige kamer behandeld."
dddecae3-0209-4e08-83c1-06c69795bd78,Meineed,nl-nl,Rechtspraak,CC0,True,False,"Valse eed. Getuigen die opzettelijk niet de waarheid spreken bij de rechter, maken zich schuldig aan meineed."
3db04502-c5cc-4596-8c36-d867f9fe2c89,Memorie van Antwoord,nl-nl,Rechtspraak,CC0,True,False,Datgene wat de gedaagde aanvoert tegen het geen de eiser stelt in een appelprocedure in civiele dagvaardingszaken.
5f20b9f4-7250-42ce-b32d-eb9c82744994,Memorie van Grieven,nl-nl,Rechtspraak,CC0,True,False,Datgene wat de eiser vordert in een dagvaardingsprocedure in hogerberoep.
e0ac9696-8fb9-4d9d-824b-5c40e81efe91,Militaire kamer,nl-nl,Rechtspraak,CC0,True,False,"De rechtsprekende instantie die belast is met de behandeling van strafzaken die zijn begaan door militairen. Deze kamer is ondergebracht bij de rechtbank Gelderland. Als het een meervoudige behandeling betreft, bestaat de militaire kamer uit twee rechters en een militair lid. Het militair lid is een officier van één van de krijgsmachtonderdelen."
60456629-b5aa-487a-a83b-90dc1404f07b,Minuut,nl-nl,Rechtspraak,CC0,True,False,"Origineel exemplaar van een gerechtelijk stuk (bijvoorbeeld een vonnis), dat blijft bij degene die het heeft opgesteld (griffier)."
f6c1fd53-18a3-4747-876a-03ff80b8e641,Misdrijf,nl-nl,Rechtspraak,CC0,True,False,"Strafrechtelijk vergrijp. De strafwetgeving onderscheidt overtredingen en misdrijven. Overtredingen worden in de regel in eerste aanleg berecht door de kantonrechter, misdrijven door de afdeling strafrecht van de rechtbank."
c76d9dca-bb9e-44fb-8867-9538cf475297,Mondelinge uitspraak,nl-nl,Rechtspraak,CC0,True,False,Uitspraak die meteen na de behandeling wordt gedaan. Moord Het opzettelijk en volgens plan (met voorbedachten rade) iemand van het leven beroven. Maximale straf: levenslang.
a9c5ba6b-3bf4-4e14-9019-d5b2433f62ec,Mulder-afdoening,nl-nl,Rechtspraak,CC0,True,False,Procedure om buiten het strafrecht om lichte verkeersovertredingen bestuursrechtelijk af te doen.
835db96a-8678-4949-870b-cee75bc84035,Ne bis in idem,nl-nl,Rechtspraak,CC0,True,False,"Latijnse term in het strafrecht voor het beginsel dat iemand niet twee keer voor hetzelfde feit kan terechtstaan en mag worden gestraft. Behandeling in hoger beroep betekent niet dat iemand voor de tweede keer terechtstaat, want die procedure maakt deel uit van dezelfde rechtsgang."
d0910ae5-e424-4de0-82ba-4069333e72d6,Nietigverklaring,nl-nl,Rechtspraak,CC0,True,False,Oordeel van de rechter dat een vorige uitspraak van een lagere rechter niet geldig is. In het strafrecht kan een dagvaarding ook nietig worden verklaard.
19b5caf5-fde2-4275-b654-e61103d17da4,Niet-ontvankelijk,nl-nl,Rechtspraak,CC0,True,False,Niet vatbaar voor berechting. De niet ontvankelijkheid wordt bepaald door de rechter. Een zaak is niet ontvankelijk als het niet tot een inhoudelijke behandeling komt omdat er niet is voldaan aan formele vereisten. In het strafrecht kan ook het Openbaar Ministerie niet ontvankelijk zijn als bijvoorbeeld de opsporing en vervolging niet fatsoenlijk zijn verlopen.
c95787c6-28f9-4d0e-83c0-814804cb0658,Non–refoulement,nl-nl,Rechtspraak,CC0,True,False,Het niet mogen terugsturen van asielzoekers vanwege de gevaren die hen bedreigen in het land van herkomst.
966ce427-b1a8-48fe-bf6c-4a548ffdb59f,Noodweer,nl-nl,Rechtspraak,CC0,True,False,"Het plegen van een strafbaar feit om jezelf of een ander te beschermen tegen een onmiddellijke bedreiging. De verdediging mag niet verder gaan dan noodzakelijk is. Als noodweer is vastgesteld, is er geen sprake van een strafbaar feit."
6483ba97-a9ce-4385-b2dc-42a18df861ec,Noodweer exces,nl-nl,Rechtspraak,CC0,True,False,"Als iemand de grens overschrijdt van de noodzakelijke verdediging (noodweer), bijvoorbeeld omdat hij in paniek raakt, kan sprake zijn van noodweer exces. De dader is dan niet strafbaar."
c9f6ceb8-b044-4e03-a00d-c203f63cb3ac,Novum,nl-nl,Rechtspraak,CC0,True,False,Nieuw feit.
fe325443-5224-42b4-9947-88841c2eb7d6,Officier van justitie,nl-nl,Rechtspraak,CC0,True,False,"Vertegenwoordiger van het Openbaar Ministerie in de rechtszaal. De officier van justitie heeft de leiding van het opsporingsonderzoek in strafzaken. Afhankelijk van de resultaten van dit onderzoek zal hij besluiten de zaak voor de rechter te brengen (te dagvaarden), een schikking aan te bieden of de zaak te seponeren (bijvoorbeeld bij gebrek aan bewijs). Bij een strafzitting krijgt hij het woord voor het zogenaamde requisitoir. De officier van justitie geeft daarin aan welke feiten naar zijn mening bewezen moeten worden verklaard en welke straffen of maatregelen daarvoor moeten worden opgelegd."
4613fbf3-d86e-463f-8a8d-ab73fdb61094,OM,nl-nl,Rechtspraak,CC0,True,False,Gebruikelijke afkorting voor Openbaar Ministerie. Zie: Openbaar Ministerie.
136377cf-a86d-42a6-8781-16dbee62a225,OM-afdoening,nl-nl,Rechtspraak,CC0,True,False,"Sinds begin 2008 kan het Openbaar Ministerie zelf lichte straffen opleggen. Dat kan voor strafbare feiten als rijden onder invloed, rijden met onverzekerde motorrijtuigen en veelvoorkomende eenvoudige zaken. Vrijheidsbenemende straffen kunnen alleen opgelegd worden door een rechter."
ac2af780-74b5-443a-8251-3096afccdc17,Onderbewindstelling,nl-nl,Rechtspraak,CC0,True,False,Maatregel van de kantonrechter om het goederenbeheer van personen die daar zelf niet meer voor kunnen zorgen over te dragen aan een bewindvoerder.
88eb0d09-b3fa-41a6-a293-8eda8857a464,Ondercuratelestelling,nl-nl,Rechtspraak,CC0,True,False,Het benoemen van een curator voor een meerderjarig persoon die zijn financiële zaken door lichamelijke of geestelijke oorzaken niet meer goed zelf kan regelen.
3c461d99-1bcc-43f7-afc3-6443e61f9d0b,Ondertoezichtstelling,nl-nl,Rechtspraak,CC0,True,False,Maatregel opgelegd door de kinderrechter waarbij de ouders/voogd worden beperkt in het ouderlijk gezag/voogdij en waarbij het toezicht op het kind wordt opgedragen aan bijvoorbeeld Bureau Jeugdzorg.
585bef6d-5dd7-4f32-9d32-081c0ed488ea,Onherroepelijk,nl-nl,Rechtspraak,CC0,True,False,"Niet te herroepen, niet te veranderen. Een uitspraak is onherroepelijk als de rechtzoekende geen beroep of cassatie meer kan instellen, bijvoorbeeld omdat de termijn waarbinnen men beroep moet instellen verlopen is. De zaak is dan helemaal afgedaan."
a546fb91-708c-46d2-bdfe-7a536777052f,Onrechtmatig bewijs,nl-nl,Rechtspraak,CC0,True,False,Bewijs dat het Openbaar Ministerie niet volgens de regels van het recht heeft verkregen.
eedced2b-824e-4a03-9fef-272d58acb950,Ontoerekeningsvatbaar,nl-nl,Rechtspraak,CC0,True,False,Het niet toerekenen van een strafbaar feit aan de dader vanwege zijn psychische toestand.
fde2160c-bc52-4c66-aba9-201770b4ea34,Ontslag van rechtsvervolging,nl-nl,Rechtspraak,CC0,True,False,"Beslissing van de rechter als hij vindt dat de verdachte het telastegelegde feit wel heeft gepleegd, maar dit feit (zoals in geval van noodweer) of de verdachte (zoals bij psychische stoornis of noodweerexces) niet strafbaar is."
19b6f609-8e62-455c-a7b3-e3bed5e176cc,Onvoorwaardelijke straf,nl-nl,Rechtspraak,CC0,True,False,Straf die daadwerkelijk uitgevoerd wordt. Zie ook: Voorwaardelijke straf.
8d1f485f-7fc2-453b-af76-8e0ccba02d36,Openbaar Ministerie,nl-nl,Rechtspraak,CC0,True,False,Valt onder het ministerie van Veiligheid en Justitie. Geeft leiding aan het opsporingsonderzoek van de politie en vervolgt de verdachten. Zie ook: Officier van justitie.
d96ad7c1-1de9-4e77-be9c-36e3fbc22bfd,Openbare registers,nl-nl,Rechtspraak,CC0,True,False,Door de overheid bijgehouden registers zoals het faillissementsregister en het huwelijksgoederenregister. Deze zijn door iedereen in te zien.
5844e747-6bfe-466a-91e5-d4964fc99663,Opportuniteitsbeginsel,nl-nl,Rechtspraak,CC0,True,False,Het uitgangspunt dat een officier van justitie zelf beslist of een strafbaar feit wordt vervolgd. Als de officier beslist om niet te vervolgen dan kan een belanghebbende daarover een klacht indienen bij het gerechtshof met het verzoek alsnog opdracht te geven tot vervolging.
ef1d5522-37aa-4557-893a-10026360ce55,Opposant,nl-nl,Rechtspraak,CC0,True,False,Procespartij die verzet aantekent
44cd2f81-3d29-4345-84a0-3845bc88106b,Overtreding,nl-nl,Rechtspraak,CC0,True,False,"Licht strafrechtelijk vergrijp. De strafwetgeving onderscheidt overtredingen en misdrijven. Overtredingen worden in de regel berecht door de kantonrechter van de rechtbank, misdrijven door de afdeling strafrecht van de rechtbank. Zie ook: Misdrijf"
7f62f2a2-ad69-4c8a-ba06-152932173882,Parket,nl-nl,Rechtspraak,CC0,True,False,Het kantoor van het Openbaar Ministerie in de hoofdplaats van een rechtbank (arrondissementsparket) of van een gerechtshof (ressortsparket). Op de arrondissementsparketten werken de officieren van justitie en ondersteunend personeel onder leiding van een hoofdofficier van justitie. Op de ressortsparketten werken de advocatengeneraal en parketmedewerkers onder leiding van een hoofdadvocaat-generaal. Daarnaast is er nog een landelijk parket en een functioneel parket. Het parket bij de Hoge Raad der Nederlanden onder leiding van de Procureur-Generaal bij de Hoge Raad maakt geen deel uit van het Openbaar Ministerie.
c14b64e1-35cb-4720-a3c6-25855014f0cf,Passant,nl-nl,Rechtspraak,CC0,True,False,"Of: TBS-passant, veroordeelde die in afwachting is van een plaats in een TBS-kliniek"
29dfec1f-9299-49ce-b3f6-7fddb1f667d6,Penitentiaire inrichting,nl-nl,Rechtspraak,CC0,True,False,Gevangenis of huis van bewaring.
33994d47-fc7a-4cca-947a-f68915c28afc,Peremptoire termijn,nl-nl,Rechtspraak,CC0,True,False,Laatste termijn in een procedure waarna geen uitstel meer wordt verleend.
b57f8b99-18ec-444f-8b4f-76c7c2c2ffc0,Persisteren,nl-nl,Rechtspraak,CC0,True,False,Volharden bij een eis of stelling; de eis onveranderd handhaven ongeacht hetgeen de tegenpartij aanvoert.
8804cbd3-fc75-4bd3-95ee-1c1470c2e079,Piketdienst,nl-nl,Rechtspraak,CC0,True,False,"Regeling dat elke verdachte, vreemdeling of psychiatrische patiënt die in bewaring wordt gesteld op het politiebureau of in een psychiatrisch ziekenhuis automatisch wordt bezocht door een advocaat om zijn of haar rechten te bespreken."
a7469cd3-6905-41ed-b77e-0782d292770e,Plaatsopneming,nl-nl,Rechtspraak,CC0,True,False,"Een bezichtiging door de rechter op de plaats waar de oorzaak van het geschil zichtbaar is of waar het geschil zich afspeelt. In een civiele procedure wordt dit ‘descente’ genoemd, in het strafproces ‘schouw’."
ada4ee6c-58a1-4dbb-a0f5-3ee2783c5925,Pleidooi,nl-nl,Rechtspraak,CC0,True,False,Mondelinge toelichting op het in het geding ingenomen standpunt.
ba0e3f3f-7016-4444-8acf-4477daafed2b,“Pluk–ze”,nl-nl,Rechtspraak,CC0,True,False,Populaire benaming voor de maatregel die inhoudt dat tijdens of na een strafproces het financiële voordeel wordt afgenomen dat men heeft verkregen door het plegen van een strafbaar feit.
7a32fed5-f417-4352-832d-cc20fe14fbee,Politierechter,nl-nl,Rechtspraak,CC0,True,False,Alleensprekende rechter van de rechtbank in strafzaken die niet zo ingewikkeld zijn en waarin niet meer dan één jaar gevangenisstraf wordt geëist.
c1cf4446-bff8-466a-b1b5-554565055069,Preparatoir vonnis,nl-nl,Rechtspraak,CC0,True,False,Tussenvonnis waarbij de rechter partijen vraagt om stukken over te leggen.
c088b73d-145c-4ccc-a8a1-3019df182af9,President,nl-nl,Rechtspraak,CC0,True,False,"De voorzitter van een rechtbank, een gerechtshof en van de Hoge Raad heet president. Ook de rechter die een zitting van een rechtbank of hof voorzit, wordt president of voorzitter genoemd."
5b3702b7-6283-4dde-a188-b223144c7b9f,Preventieve hechtenis,nl-nl,Rechtspraak,CC0,True,False,"Verzamelnaam voor de begrippen bewaring, gevangenhouding en gevangenneming."
94a4bcfd-c153-41f6-bd6c-674bf14411ea,Primair,nl-nl,Rechtspraak,CC0,True,False,Eerste vordering/tenlastelegging of verzoek. Met een primaire vordering wordt aangegeven welke vordering de belangrijkste is in een reeks. Zie ook: Subsidiair.
c728d62f-4e15-484b-9aa5-99535a066f21,Principaal beroep,nl-nl,Rechtspraak,CC0,True,False,Het eerst ingestelde hoger beroep in tegenstelling tot het incidenteel beroep.
6e5f54a5-ab17-48cd-a668-8a2ea849b612,Proceskostenveroordeling,nl-nl,Rechtspraak,CC0,True,False,Bedrag dat de verliezende partij moet betalen aan de winnende partij als compensatie voor de kosten die gemaakt zijn voor een advocaat en griffierechten. Als er niet echt sprake is van winnen of verliezen (zoals in het personen- en familierecht) worden de kosten meestal gecompenseerd. Dat betekent dat ieder zijn eigen kosten draagt.
d8768c23-5612-437d-ad08-146d8df14c04,Proces-verbaal,nl-nl,Rechtspraak,CC0,True,False,1. Schriftelijk verslag van hetgeen op rechtszittingen aan de orde is gekomen. 2. Officieel schriftelijk verslag van politieambtenaren met feiten die ze hebben waargenomen en met een verklaring die ze hebben opgetekend uit de mond van een verdachte of getuige;
c4fcde86-d96a-42b2-b671-dfe9f8dbc250,Procureur-generaal (PG),nl-nl,Rechtspraak,CC0,True,False,"Lid van het College van procureurs-generaal, de landelijke leiding van het OM."
95b644d9-632b-4890-b582-397a0cd1bc9c,Procureur-generaal (PG) bij de Hoge Raad,nl-nl,Rechtspraak,CC0,True,False,"Hoofd van het parket bij de Hoge Raad. Bij de Hoge Raad vervult het parket een andere rol dan bij de rechtbank en het gerechtshof. Leden van het parket eisen hier geen straf, maar adviseren de Hoge Raad over de uitspraak in civiele zaken, strafzaken en belastingzaken. Ook bij de Afdeling bestuur van de Raad van State is sinds 2013 een Procureur-generaal aangesteld."
7820eaad-1602-4763-a1d5-4fbc4ef90d5f,Pro-Deoadvocaat,nl-nl,Rechtspraak,CC0,True,False,"Vroeger kreeg de minder draagkrachtige burger een gratis (pro Deo) advocaat. Tegenwoordig betaalt een rechtzoekende in civiele en bestuursrechtelijke zaken een van het inkomen afhankelijke eigen bijdrage voor de advocaat. Alleen in strafzaken, als een verdachte in voorarrest zit, krijgt hij nog (automatisch) een pro-Deoadvocaat toegewezen. In de rechtszaal wordt gesproken over een ‘toegevoegd advocaat’."
3315690e-7293-440b-bfa8-02ee3ce5b110,Proeftijd,nl-nl,Rechtspraak,CC0,True,False,"De rechter kan iemand tot een voorwaardelijke straf veroordelen. De straf wordt dan niet uitgevoerd, mits de verdachte zich gedurende een bepaalde periode, de proeftijd, aan een aantal afspraken houdt en niet opnieuw in de fout gaat. Deze voorwaarden zijn door de rechter in zijn vonnis opgelegd."
d5108b1c-4074-4187-9a2f-60561be11b37,Pro-formazitting,nl-nl,Rechtspraak,CC0,True,False,"Zitting waarop een zaak niet inhoudelijk wordt behandeld. Een pro-formazitting is nodig als een zaak binnen een bepaalde termijn op een zitting moet zijn geweest, maar het nog te vroeg is om deze inhoudelijk te behandelen."
6f7af6f8-3df8-4523-bb10-511b1d8121c8,Prorogatie,nl-nl,Rechtspraak,CC0,True,False,De mogelijkheid om in het civiel procesrecht met de tegenpartij overeen te komen dat een geschil direct zal worden voorgelegd aan een hogere rechter
599088ec-a747-4580-9e1b-d86bf3d81186,Raadkamer,nl-nl,Rechtspraak,CC0,True,False,1. Rechterlijk college dat strafzaken behandelt waarvoor in de regel geen openbare zitting is voorgeschreven. Denk bijvoorbeeld aan klachten niet-vervolging (het hof oordeelt dan over de vraag of een verdachte moet worden vervolgd als het OM daartoe niet besluit). 2. Onderling beraad tussen de rechters die een zaak behandelen na de zitting om de uitspraak vast te stellen.
c2ae1941-eaaf-463e-8fd8-3fc526f58922,Raadsheer,nl-nl,Rechtspraak,CC0,True,False,"Rechter bij het gerechtshof of de Hoge Raad. Ook een vrouwelijke raadsheer wordt raadsheer genoemd, want met een raadsvrouw/raadsman wordt een advocaat bedoeld."
66132a92-7f7e-4eeb-a716-fac714edc85d,Raadsman,nl-nl,Rechtspraak,CC0,True,False,Advocaat.
c9fa091a-2257-482d-97b3-7d621531a16d,Raadsvrouw,nl-nl,Rechtspraak,CC0,True,False,Vrouwelijke advocaat.
a4ca71df-7763-42ed-a26a-e8df285a50e7,Raad van State,nl-nl,Rechtspraak,CC0,True,False,Hoogste adviescollege van de staat dat adviseert over alle wetsontwerpen en algemene maatregelen van bestuur; de Afdeling bestuursrechtspraak van de Raad van State beslist in hoogste instantie in geschillen over besluiten van overheidsorganen.
626db657-82bb-4453-b213-2081e125c1a3,Raad voor de Kinderbescherming,nl-nl,Rechtspraak,CC0,True,False,"Orgaan van het ministerie van Veiligheid en Justitie, gevestigd in elke arrondissementshoofdplaats. De raad behartigt de belangen van minderjarigen die dat nodig hebben en adviseert de kinderrechter bijvoorbeeld bij verzoeken om ondertoezichtstelling en uithuisplaatsing. De raad heeft een adviserende rol of treedt op als procespartij in zaken over gezag, omgang, ondertoezichtstelling en uithuisplaatsing."
f3dd7b1f-1354-4fba-bc03-65a7c30045a9,Raad voor Rechtsbijstand,nl-nl,Rechtspraak,CC0,True,False,Instantie die beslist of een rechtzoekende in aanmerking komt voor gesubsidieerde rechtsbijstand. Zie ook: Pro-Deoadvocaat.
e1144313-e8d4-4a19-bc2a-d38489bb4e9c,Raad voor de rechtspraak,nl-nl,Rechtspraak,CC0,True,False,De Raad voor de rechtspraak bestaat sinds 1 januari 2002 en vormt de schakel tussen de minister van Veiligheid en Justitie en de gerechten. De Raad heeft als opdracht te bevorderen dat de gerechten hun rechtsprekende taak goed kunnen vervullen.
facbddd0-1949-4410-882f-6d659a1f2f37,RAIO,nl-nl,Rechtspraak,CC0,True,False,Rechterlijk ambtenaar in opleiding.
681f2659-4b9c-4774-9e23-f0a6ef9ce758,Rechtbank,nl-nl,Rechtspraak,CC0,True,False,"Rechtsprekend orgaan dat in eerste aanleg oordeelt over zaken zoals echtscheidingen, misdrijven, geldvorderingen, en de meeste bestuursrechtelijke geschillen. Ook wordt met het begrip rechtbank het gebouw aangeduid waarin de rechtbank zetelt."
9c8202b9-a178-4f21-96a8-9bd45483a32d,Rechter-commissaris (RC),nl-nl,Rechtspraak,CC0,True,False,Rechter die het onderzoek naar één of meer strafbare feiten leidt.
da5803b0-55ee-4aa5-9434-918d7c746a58,Rechterlijke macht,nl-nl,Rechtspraak,CC0,True,False,"Rechters en officieren van justitie. De rechters worden tot de zittende magistratuur gerekend en de officieren van justitie tot de staande magistratuur. De rechter blijft zitten tijdens de zitting, de officier van justitie voert staande het woord."
1a448e81-68e2-4539-85e3-b06f9fdebe52,Recidive,nl-nl,Rechtspraak,CC0,True,False,Herhaling van strafbaar gedrag.
f1d68b14-a9b2-4000-8ec4-116bc5cb213e,Reclassering,nl-nl,Rechtspraak,CC0,True,False,Instelling die het herintreden in de maatschappij van veroordeelden wil bevorderen. Geeft ook voorlichting aan de rechter over de persoon van de verdachte.
28104232-6853-46c9-9139-619372dc2d1e,Reconventie,nl-nl,Rechtspraak,CC0,True,False,Tegeneis; door de gedaagde tegelijk met de conclusie van antwoord ingediende vordering.
c53bfed6-5428-4852-bdcf-fc2d21c6bbab,Redelijkheidsbeginsel,nl-nl,Rechtspraak,CC0,True,False,Algemeen beginsel van behoorlijk bestuur dat voorschrijft dat een bestuursorgaan bij het nemen van een beslissing alle belangen tegen elkaar af moet wegen.
621511c4-072b-466d-9377-15bee04df5da,Referte,nl-nl,Rechtspraak,CC0,True,False,"Conclusie van een partij of verdachte, inhoudend dat men geen bezwaren tegen een vordering of verzoek kan aanvoeren en het oordeel daarover aan de beslissende rechter overlaat."
efee286a-b11f-4282-a42c-1c21b7b383b4,Rekest,nl-nl,Rechtspraak,CC0,True,False,Verzoekschrift.
11481b02-7547-4108-a28e-a2ab20968a16,Relatieve competentie,nl-nl,Rechtspraak,CC0,True,False,Geeft aan in welke plaats in Nederland een procedure gestart moet worden. Zie ook: Absolute competentie.
0a071cac-533a-4897-b234-3728c8a6998c,Repliek,nl-nl,Rechtspraak,CC0,True,False,Datgene wat de eiser aanvoert ter weerlegging van hetgeen de gedaagde in de conclusie van antwoord heeft gesteld (civiele zaken).
dc5789d9-822d-4227-bf46-82a4ecaaf905,Requestrant (of rekwestrant),nl-nl,Rechtspraak,CC0,True,False,Verzoeker in een rechtszaak.
d0c32a50-49d7-456b-9924-bb90168543b8,Requirant,nl-nl,Rechtspraak,CC0,True,False,Degene die een vordering indient.
ff6b703f-88ee-421e-9007-8a50a07b5885,Requireren,nl-nl,Rechtspraak,CC0,True,False,Het ter zitting eisen van een straf of maatregel door de officier van justitie.
073f1993-553f-4faa-ac64-2d59facadccb,Requisitoir,nl-nl,Rechtspraak,CC0,True,False,"De aanklacht van de officier van justitie tijdens een strafproces waarin hij de feiten op een rij zet, zijn mening geeft over het bewijs en op grond daarvan een bepaalde straf eist. De officier van justitie kan ook vrijspraak vragen."
3ca5b3a5-28ac-4210-9159-b012debd3245,Ressort,nl-nl,Rechtspraak,CC0,True,False,"Rechtsgebied. Nederland is verdeeld in vier ressorten, die vervolgens weer zijn onderverdeeld in arrondissementen (11). Elk ressort heeft een eigen gerechtshof. Zie ook: Gerechtshof."
0030665c-eaae-4fb2-b84a-d4fee84c0297,Ressortsparket,nl-nl,Rechtspraak,CC0,True,False,Kantoor van het Openbaar Ministerie in een ressort.
e0815dd4-9da4-48a1-b8ab-ff434703290b,Rogatoire commissie,nl-nl,Rechtspraak,CC0,True,False,Getuigenverhoor dat in opdracht van de behandelend rechter door een andere instantie (meestal een rechtbank in het buitenland) wordt uitgevoerd.
9dc3a90d-f31b-4d09-91da-b58d4f7a59d9,Rol,nl-nl,Rechtspraak,CC0,True,False,"Een lijst van de zaken die op de zitting behandeld worden, waarbij aangegeven wordt welke stukken uitgewisseld moeten worden tussen partijen."
3d6228b2-7d2b-4753-9da0-ef119d4d0ae9,Rolzaak,nl-nl,Rechtspraak,CC0,True,False,Procedure die (in beginsel) door een dagvaarding wordt aangebracht voor de civiele rechter.
69c6a716-8d81-49d8-831c-1e8b57db717d,Rolzitting,nl-nl,Rechtspraak,CC0,True,False,Zitting in civiele zaken waar procedurele beslissingen worden genomen en de stukken van de partijen worden uitgewisseld.
a4d14a58-285f-4ae0-85e9-bc093aa3f15a,Royement/royeren,nl-nl,Rechtspraak,CC0,True,False,"Schrappen, doorhalen; het afbreken van een lopende procedure, bijvoorbeeld omdat er een oplossing is bereikt."
3e6e5224-2af9-4631-9df0-9346ebcad45a,Sanctie,nl-nl,Rechtspraak,CC0,True,False,Straf of maatregel die wordt toegepast als rechtsregels worden overschreden.
ba6e259e-62a3-4136-840b-f6459b4ac55b,Schikking,nl-nl,Rechtspraak,CC0,True,False,Tussentijdse overeenkomst tussen partijen waarmee het conflict is opgelost voordat de civiele of bestuursrechter een uitspraak heeft gedaan.
28c530eb-b1ae-420d-ab95-7de696fa50da,Schouw,nl-nl,Rechtspraak,CC0,True,False,"Wat in het civiel en bestuursrecht een descente of plaatsopneming wordt genoemd, heet in het strafprocesrecht een schouw: een bezichtiging op de plaats van het delict."
a451b8e9-c116-4e25-b1f7-7edb7de4ad58,Seponeren,nl-nl,Rechtspraak,CC0,True,False,"Bevoegdheid van de politie of officier van justitie om de zaak niet voor de rechter te brengen, maar te laten rusten (sepot)."
2b17533e-a50a-4aba-a852-57b03ecec252,Sprongcassatie,nl-nl,Rechtspraak,CC0,True,False,Overeenkomst tussen partijen inhoudende dat hun geschil na de einduitspraak in eerste aanleg direct (zonder hoger beroep) in cassatie aan de Hoge Raad zal worden voorgelegd.
35f0b0b6-1619-4174-bfb3-da874cb2a6f3,Staande magistratuur,nl-nl,Rechtspraak,CC0,True,False,Vertegenwoordigers van het Openbaar Ministerie. Zie ook: Rechterlijke macht.
10dbd0ce-ec41-42c9-a496-0ba55ee20f28,Strafblad,nl-nl,Rechtspraak,CC0,True,False,"Vermelding in het strafregister dat aantekeningen bevat over de keren dat iemand in het verleden verdacht werd van strafbare feiten (met name misdrijven) en over de afloop daarvan (sepot, vrijspraak, veroordeling)."
fb29808b-c25a-475b-a2e7-1e36d4e7c2b9,Strafbeschikking,nl-nl,Rechtspraak,CC0,True,False,"Sanctie die zelfstandig is op te leggen door het Openbaar Ministerie voor misdrijven en overtredingen waarop een gevangenisstraf staat van maximaal zes jaar. Als de verdachte het er niet mee eens is, kan hij hiertegen verzet aantekenen bij de strafrechter."
b682e8fa-53f5-4517-9ea9-82eeed501bf9,Strafrechtspraak,nl-nl,Rechtspraak,CC0,True,False,Rechtspraak die zich bezighoudt met de berechting van strafbare feiten (overtredingen en misdrijven).
31ea1891-f5d1-4ed3-9865-9cd9ff0b811b,Strafregister,nl-nl,Rechtspraak,CC0,True,False,"Ook: Justitieel Documentatie Systeem (JDS). Register waarin wordt bijgehouden wie wanneer verdacht werd van welk strafbaar feit (met name misdrijven) en over de afloop daarvan (sepot, vrijspraak of veroordeling). Degenen die in het register voorkomen “hebben een strafblad”. Zie: Strafblad"
f06f1b96-c352-485f-8eef-59dbe8ff4c7c,Subsidiair,nl-nl,Rechtspraak,CC0,True,False,Volgt altijd op primair; met primair wordt de maximaal haalbare vordering of tenlastelegging aangegeven. De subsidiaire vordering wordt ingesteld voor het geval dat de eerste vordering (primair) niet tot het beoogde resultaat zal leiden. Bijvoorbeeld: primair wordt ten laste gelegd dat verdachte diefstal met geweld heeft gepleegd; subsidiair wordt alleen diefstal ten laste gelegd.
41d7b19d-ffef-49a3-9ad2-4c34b2b20e3d,Surséance van betaling,nl-nl,Rechtspraak,CC0,True,False,Door de rechter verleende opschorting van betalingsverplichtingen.
88039ba1-8456-4145-8251-6612b79641e9,Taakstraf,nl-nl,Rechtspraak,CC0,True,False,Werkstraf. Het verrichten van onbetaald werk.
2af84f29-11fe-47f4-a545-34c9e29d7677,Tenlastelegging,nl-nl,Rechtspraak,CC0,True,False,Deel van de dagvaarding in strafzaken waarin staat waar het Openbaar Ministerie de verdachte van beschuldigt.
92a8a574-6cca-4986-b1c1-ce4fab9e7587,Tenuitvoerlegging,nl-nl,Rechtspraak,CC0,True,False,"Uitvoering van een arrest of uitspraak, desnoods met behulp van een deurwaarder."
b1060b6a-40ac-4303-8dee-4ad7d4c4e339,Terbeschikkingstelling (tbs),nl-nl,Rechtspraak,CC0,True,False,"Maatregel die de rechter kan opleggen aan een psychisch gestoorde veroordeelde. De terbeschikkinggestelde kan aan dwangverpleging worden onderworpen of moet zich aan bepaalde aanwijzingen van de rechter houden. Het doel van de tbs-maatregel is de maatschappij op de kortere en langere termijn te beveiligen. Om de maatschappij op korte termijn te beveiligen verblijft de dader in de gesloten kliniek. Beveiliging van de maatschappij op langere termijn wordt gerealiseerd door behandeling van de dader, die er op is gericht herhaling van het misdrijf te voorkomen."
0936bb16-b350-4a15-83df-917bddfec115,Toevoeging,nl-nl,Rechtspraak,CC0,True,False,Beslissing van de Raad voor Rechtsbijstand waarmee aan een rechtzoekende voor een bepaalde procedure een raadsman wordt toegewezen.
054f4d73-5900-489e-a2c0-0d821f73f0d2,Transactie,nl-nl,Rechtspraak,CC0,True,False,"Aanbod van de officier van justitie aan de verdachte om een strafzaak buiten de rechter om te doen. Als de verdachte hiermee akkoord gaat, dan ziet de officier af van verdere strafvervolging."
25e04c28-43b7-4667-af2b-381b4fce3ed9,Tussenkomst,nl-nl,Rechtspraak,CC0,True,False,Situatie waarin een derde partij zich stelt (tussenkomt) in een lopende zaak
e18e3165-a45b-4e27-9e78-6d5ed02dceb7,Tussenuitspraak,nl-nl,Rechtspraak,CC0,True,False,"Uitspraak waarbij de rechter geen eindbeslissing geeft, maar bijvoorbeeld een bewijsopdracht of onderzoek beveelt waarvan de beslissing van de zaak afhankelijk kan zijn (ook wel interlocutoir vonnis genoemd)."
712a8cd2-99a7-4345-86b9-8a23728aa968,Uitvoerbaar bij voorraad,nl-nl,Rechtspraak,CC0,True,False,De mogelijkheid om een uitspraak onmiddellijk uit te voeren hoewel de hoofdzaak of het hoger beroep nog niet is afgedaan. Het instellen van beroep heeft in dit geval geen opschortende werking.
7fcef370-6e9c-439e-b1ab-5b03ec25bbec,Unus-rechtspraak,nl-nl,Rechtspraak,CC0,True,False,Zitting met één rechter die rechtspreekt.
1a8c995b-327d-400b-8259-e976d6d63ceb,Verbeurdverklaren,nl-nl,Rechtspraak,CC0,True,False,De rechter kan bepalen dat een veroordeelde als bijkomende straf de spullen kwijtraakt die bij hem in beslag zijn genomen.
747fe6be-7137-464e-bd47-4fb91f05b3fd,Verdachte,nl-nl,Rechtspraak,CC0,True,False,Iemand over wie aanwijzingen bestaan dat hij mogelijk een strafbaar feit heeft gepleegd. De wet spreekt over “een redelijk vermoeden van schuld”. Een verdachte wordt pas dader genoemd nadat hij onherroepelijk is veroordeeld.
3690cdb3-a50d-45dd-8a79-e90b8c74f866,Verhaal,nl-nl,Rechtspraak,CC0,True,False,Het recht om een betalingsverplichting geheel of gedeeltelijk bij een ander neer te leggen. Bijvoorbeeld de sociale dienst die een bijstandsuitkering mag verhalen op de ex-partner.
0ec0eb19-4417-4307-966d-8ca23e79e575,Verjaring,nl-nl,Rechtspraak,CC0,True,False,"De termijn na afloop waarvan een recht ontstaat of juist verloren gaat of een misdrijf of overtreding niet meer kan worden berecht. De uitvoering van een opgelegde straf kan ook verjaren, dit heet executieverjaring."
f6a8bebd-6602-45fb-aba0-539bb0dea4c3,Verplichte procesvertegenwoordiging,nl-nl,Rechtspraak,CC0,True,False,Beginsel dat een burger alleen een proces mag voeren als hij door een advocaat vertegenwoordigd wordt.
35a91df6-b339-4b40-a7f3-346f2ea12a9a,Verschoningsrecht,nl-nl,Rechtspraak,CC0,True,False,Het recht dat een getuige op grond van zijn familierelatie met de verdachte of op grond van zijn beroep heeft om vragen van de rechter onbeantwoord te laten. Een getuige mag zich ook verschonen van het geven van een antwoord als hij zichzelf daardoor zou belasten.
9b281a4f-50bd-42b8-b8fc-4bb317e51cae,Verstekvonnis of bij verstek veroordeeld zijn,nl-nl,Rechtspraak,CC0,True,False,Veroordeling die wordt uitgesproken terwijl de gedaagde of verdachte niet in de procedure is verschenen.
9d02f41e-49a5-40c2-8258-125c5e8af389,Vertrouwensbeginsel,nl-nl,Rechtspraak,CC0,True,False,"Algemeen beginsel van behoorlijk bestuur dat voorschrijft dat een burger erop moet kunnen vertrouwen, dat een bepaalde toezegging van een bestuursorgaan ook nagekomen wordt of een wettelijke bepaling wordt nageleefd."
04822d3b-ad7e-474b-97dd-6dbcdaa388de,Vervangende hechtenis,nl-nl,Rechtspraak,CC0,True,False,"Aantal dagen dat de veroordeelde moet vastzitten als hij zijn boete niet betaalt of een taakstraf niet naar behoren verricht. Wanneer een boete of een taakstraf wordt opgelegd, wordt er meteen bij vermeld welke vrijheidsstraf daar tegenover staat."
9665f584-d448-484c-b50c-40214c518db0,Voorwaardelijke invrijheidstelling,nl-nl,Rechtspraak,CC0,True,False,"Iemand die door de rechter tot een geheel onvoorwaardelijke gevangenisstraf van meer dan één jaar veroordeeld is, hoeft die straf doorgaans niet helemaal uit te zitten. Dat geldt niet voor minderjarigen en voor personen die een jaar of minder straf hebben gekregen. Meestal moet iemand tweederde van zijn straf hebben uitgezeten, voordat hij voorwaardelijk in vrijheid wordt gesteld. De voorwaarden, zoals het volgen van een vaardigheidstraining, elektronisch toezicht of een contactverbod, worden door de officier van justitie opgelegd. De veroordeelde mag in ieder geval niet opnieuw de fout ingaan."
7f252157-da2c-4142-8cbd-b10369efce7d,Verweerder,nl-nl,Rechtspraak,CC0,True,False,In civiel of bestuursrecht: de tegenpartij van de verzoeker.
866f3ea5-15ed-4997-801d-9f5e93e14d4d,Verzekering,nl-nl,Rechtspraak,CC0,True,False,Zie: Inverzekeringstelling.
c46e91b0-eceb-4574-b424-ed8795639d65,Verzet,nl-nl,Rechtspraak,CC0,True,False,"1. Het rechtsmiddel tegen een uitspraak dat iemand kan indienen die bij verstek (afwezigheid) veroordeeld is. Het is ook een rechtsmiddel tegen onjuist in rekening gebracht griffierecht of tegen een dwangbevel. 2. Als een verdachte in de opgelegde straf door de officier van justitie, kan hij hiertegen verzet aantekenen bij de strafrechter. Deze zal de zaak vervolgens opnieuw bekijken."
73aa42b3-8307-4d34-bd56-e32947ef08ff,Verzoeker,nl-nl,Rechtspraak,CC0,True,False,Indiener van een verzoekschrift.
34299406-0193-457c-ab4a-1d10c3254d8d,Voeging,nl-nl,Rechtspraak,CC0,True,False,"Het samenvoegen van verschillende strafbare feiten tot één strafzaak of (in het civiele recht) het samenvoegen van twee procedures die tussen dezelfde personen lopen en hetzelfde onderwerp betreffen, dan wel verbonden zijn met elkaar."
c2ecba83-ea92-496b-93a6-3f01ba36c1d4,Voorarrest,nl-nl,Rechtspraak,CC0,True,False,Het totaal aantal dagen dat iemand vastzit voorafgaand aan de zitting en onherroepelijke uitspraak. De dagen die iemand in voorarrest heeft doorgebracht worden van de straf afgetrokken
e0a48414-0fcf-414d-a401-8cd612b66398,Voorgeleiding,nl-nl,Rechtspraak,CC0,True,False,Verhoor van de verdachte door de officier van justitie om vast te stellen of het Openbaar Ministerie de rechter moet vragen om de verdachte in voorlopige hechtenis te nemen.
b9e88dd2-0797-48cc-989e-71bf68a3ee42,Voorlopig getuigenverhoor,nl-nl,Rechtspraak,CC0,True,False,"Iemand die overweegt een civiele procedure te beginnen, kan aan de rechtbank een voorlopig getuigenverhoor vragen. Dit verhoor dient om de kansen bij een rechtszaak beter in te kunnen schatten, of om te voorkomen dat bewijs verloren gaat (door vertrek of overlijden van een getuige bijvoorbeeld)."
e80d6d8d-f033-4819-8f71-d2e2dfb1d775,Voorlopige hechtenis,nl-nl,Rechtspraak,CC0,True,False,"Verzamelnaam voor de begrippen bewaring, gevangenhouding en gevangenneming."
4cb51c29-0755-4745-ba72-496d98b84b82,Voorlopige voorziening,nl-nl,Rechtspraak,CC0,True,False,Een voorlopige beslissing in spoedeisende zaken die gezien kan worden als tijdelijke regeling tot de eindbeslissing er is. Bijvoorbeeld de voorlopige regeling bij wie de kinderen verblijven tijdens de behandeling van de echtscheidingsprocedure.
6bc173f7-16df-4516-be5b-697a3b3b3c15,Voorwaardelijke straf,nl-nl,Rechtspraak,CC0,True,False,"Straf die pas uitgevoerd wordt als de veroordeelde zich niet aan bepaalde voorwaarden houdt. Als voorwaarde geldt altijd dat de veroordeelde zich niet binnen de proeftijd opnieuw aan een strafbaar feit schuldig maakt. De proeftijd bedraagt in de meeste gevallen maximaal drie jaar. Als bijzondere voorwaarde kan bijvoorbeeld worden opgelegd dat de veroordeelde zich op bepaalde tijdstippen meldt bij de reclassering. Als de veroordeelde de opgelegde voorwaarden niet nakomt, kan de officier van justitie bij de rechter eisen dat de voorwaardelijk opgelegde straf alsnog ten uitvoer wordt gelegd."
8eb86696-fe92-4cfd-8fbd-912819a2a04e,Vormverzuim,nl-nl,Rechtspraak,CC0,True,False,Het verwaarlozen of niet in acht nemen van vormvoorschriften in een proces of door een bestuursorgaan. Ook wel ‘procedurefout’ genoemd.
49f94379-83b2-4e6d-bec3-26a1ef4e0dca,Vrijspraak,nl-nl,Rechtspraak,CC0,True,False,Beslissing van de rechter als hij het tenlastegelegde feit niet wettig en overtuigend bewezen acht.
b5ba6b26-3d73-4a65-b90e-d0bc2905a825,Vrijwaring,nl-nl,Rechtspraak,CC0,True,False,"De gedaagde in een civiel proces kan een derde partij bij de procedure betrekken als die ook met de zaak te maken heeft, met het doel dat de negatieve gevolgen van de uitkomst van het geschil op die derde kunnen worden verhaald. Dat heet ‘oproepen in vrijwaring’."
be3b587b-eb49-44ae-8563-74d9517dd964,Wederrechtelijk onrechtmatig,nl-nl,Rechtspraak,CC0,True,False,In strijd met het recht.
b2262e05-36ac-4547-92c2-13b26a32d642,Wraking,nl-nl,Rechtspraak,CC0,True,False,"Verzoek aan de rechtbank om een rechter in een bepaalde zaak te vervangen, omdat hij partijdig zou zijn."
223bf362-c211-4007-be58-995575b8937a,Zittende magistratuur,nl-nl,Rechtspraak,CC0,True,False,Aanduiding voor de rechters. Zie ook: Rechterlijke macht.
f0055829-29a7-4892-aa38-24f57faaa19e,Rechtbank,nl-nl,Rechtspraak,CC0,True,False,"Nederland telt elf rechtbanken. Ze bestrijken elk een deel van het land. Zo’n rechtsgebied heet arrondissement. Iedere rechtbank heeft verschillende zittingsplaatsen. De rechtbank behandelt rechtszaken op het gebied van het civiel recht, het strafrecht en het bestuursrecht. Arbeids-, huur- en huurkoopgeschillen en alle andere zaken die gaan om een bedrag van € 25.000,- of minder, worden behandeld door de kantonrechter. De voorzitter van het bestuur van een rechtbank is de president."
66fd2e2b-879b-4e67-b9f0-f03e1694802d,Gerechtshof,nl-nl,Rechtspraak,CC0,True,False,"Wie tegen een uitspraak van de rechtbank in beroep gaat, komt terecht bij het gerechtshof. Nederland telt vier gerechtshoven: Amsterdam, Arnhem-Leeuwarden, ‘s-Hertogenbosch en Den Haag. Hun rechtsgebied heet ressort. De rechters verrichten, net als bij de rechtbank, hun werkzaamheden in verschillende afdelingen. Er is in elk hof een team of afdeling civiel recht, strafrecht en belastingrecht. Het gerechtshof kijkt bij de behandeling van de zaak opnieuw naar alle feiten en maakt een eigen beoordeling. De rechters bij het gerechtshof noemen we raadsheren. De uitspraak heet ‘arrest’."
423315c8-1abb-447b-b3d8-415a5e741abc,Bijzondere colleges,nl-nl,Rechtspraak,CC0,True,False,"Naast de rechtbanken en de gerechtshoven zijn er nog twee bijzondere gerechten: de Centrale Raad van Beroep (in Utrecht) en het College van Beroep voor het bedrijfsleven (in Den Haag). De Centrale Raad is een bestuursrechter die vrijwel alleen zaken behandelt waarin hoger beroep is ingesteld tegen een uitspraak van de rechtbank. Dit college is vooral werkzaam op het gebied van de sociale zekerheid en het ambtenarenrecht. Het College van Beroep voor het bedrijfsleven oordeelt over geschillen op het terrein van het sociaal-economisch bestuursrecht, en in hoger beroep over zaken betreffende onder meer de Mededingingswet en de Telecommunicatiewet."
d68dbdde-f58d-4c1d-a6bf-d4803a85fa5d,Hoge Raad,nl-nl,Rechtspraak,CC0,True,False,"Het hoogste rechtscollege in Nederland is de Hoge Raad der Nederlanden in Den Haag, kortweg aan te duiden als de Hoge Raad. De Hoge Raad houdt zich bezig met cassatierechtspraak. De Hoge Raad stelt niet meer zelf de feiten vast, maar bekijkt of het gerechtshof bij zijn beslissing het recht goed heeft toegepast. Het beroep in cassatie heeft dan ook als belangrijkste functie het bevorderen van een uniforme rechtstoepassing door de recht-banken en de gerechtshoven. Bij de Hoge Raad worden zaken beslist door drie rechters. In speciale gevallen, dit ter beoordeling van de Hoge Raad, wordt een zaak door vijf leden behandeld."
ebffd483-b5ad-4b78-a298-08d2444035e2,Afdeling bestuursrechtspraak van de Raad van State,nl-nl,Rechtspraak,CC0,True,False,"De Raad van State is een adviesorgaan van de regering. De Afdeling bestuursrechtspraak houdt zich bezig met rechtspraak. De zaken die de Afdeling bestuursrecht behandelt, hebben uitsluitend betrekking op conflicten tussen burgers (of bedrijven) aan de ene kant en de overheid aan de andere kant. Dit soort conflicten wordt doorgaans eerst behandeld bij de betreffende overheidsinstelling in een zogeheten bezwaarschriftenprocedure. Wie het niet eens is met de beslissing van het overheidsorgaan, kan in beroep bij de sector bestuursrecht van de rechtbank. Beroepen op de beslissing van de rechtbank worden behandeld door de Afdeling bestuursrechtspraak van de Raad van State, maar soms ook door de Centrale Raad van Beroep of het College van Beroep voor het bedrijfsleven."
335e42fc-70cf-42eb-9e5c-3b12ee644905,Raad voor de rechtspraak,nl-nl,Rechtspraak,CC0,True,False,"De Raad voor de rechtspraak vormt het overkoepelende bestuur voor de rechtbanken, hoven en bijzondere colleges. Belangrijke taken van de Raad zijn: zorgen voor de begroting, verdeling van financiële middelen over de gerechten en ondersteuning van de zelfstandige bedrijfsvoering door de gerechten. Een andere belangrijke taak is het, na overleg met de gerechten, adviseren van regering en parlement over wetten die de rechtspraak raken. Daarnaast ondersteunt de Raad activiteiten van de gerechten ter bevordering van de uniformiteit en kwaliteit van de rechtspleging."
38ca94ca-05a3-4326-9c51-830d70231556,Europees Hof van Justitie,nl-nl,Rechtspraak,CC0,True,False,"Het Europese Hof van Justitie en het daaraan verbonden Gerecht van Eerste Aanleg in Luxemburg moeten erop toezien dat de instellingen en de lidstaten van de Europese Unie de oprichtingsverdragen en de andere eigen regels van de unie eerbiedigen en binnen de gehele unie op dezelfde wijze toepassen. Het doet dat vooral door, op verzoek van nationale rechters, een bindende beslissing te nemen over de uitleg van het gemeenschapsrecht; de nationale rechter past die uitleg vervolgens toe in het door hem te beslechten geschil. Het Hof beslecht zelf geschillen die over de uitleg en de toepassing van het gemeenschapsrecht kunnen ontstaan tussen de instellingen van de unie, lidstaten en burgers van de unie."
1329c214-6e24-45a5-b4e6-2220949c5042,Europees Hof voor de rechten van de mens,nl-nl,Rechtspraak,CC0,True,False,"Op basis van het Europese Verdrag tot bescherming van de Rechten van de Mens en de fundamentele vrijheden is het Europese Hof voor de Rechten van de Mens te Straatsburg ingesteld. Tegen staten die het klachtrecht voor hun burgers hebben erkend, kunnen klachten wegens schending van een verdragsbepaling aan het Hof worden voorgelegd. Ook de Europese Commissie voor de Rechten van de Mens en andere bij het verdrag aangesloten staten hebben deze mogelijkheid. Burgers kunnen pas klagen bij het Hof wanneer de hoogste rechter in het eigen land zich over de zaak heeft uitgesproken. Het Europese Hof voor de Rechten van de Mens telt net zoveel rechters als verdragsstaten: 44. Zij worden benoemd voor een periode van zes jaar."
2ae24c7e-7283-4d72-8ee2-e501e00c08bc,Internationaal Gerechtshof,nl-nl,Rechtspraak,CC0,True,False,"Het Internationale Hof van Justitie (of: Internationale Gerechtshof) in Den Haag is een van de zes hoofdorganen van de Verenigde Naties en het enige dat niet in New York is gevestigd. Dit Hof, gehuisvest in het Vredespaleis, behandelt uitsluitend geschillen tussen staten. Het Hof geeft ook adviezen aan VN-organen, zoals de Veiligheidsraad. Het Hof komt alleen in actie op verzoek en met instemming van de betrokken staten. Het Hof telt vijftien rechters, die voor een periode van negen jaar worden benoemd."
a73394a8-7910-4d35-91b2-b0dd5794a266,Internationaal Strafhof,nl-nl,Rechtspraak,CC0,True,False,"Het Internationale Strafhof in Den Haag werd opgericht in 1998, maar is pas actief sinds 2002. In 2004 heeft het Hof zijn eerste zaken in behandeling genomen. Het Hof is belast met de vervolging en berechting van personen voor misdrijven als genocide, oorlogsmisdaden en misdaden tegen de menselijkheid. Anders dan het Internationale Gerechtshof kan dit Hof alleen zaken tegen personen behandelen. Het Hof zal uitsluitend in actie komen als nationale juridische instellingen niet kunnen of willen rechtspreken."
