id,source,lang-source,target,lang-target,author,license,sme-reviewed,premium,lang-target-dict
a7714aec-7e41-4852-a905-82443caa2dab,Verdrag,nl-nl,Abkommen,de-de,van Gassen,All rights reserved,TRUE,FALSE,
f1aa95ec-b781-4066-b04a-294b0a129d54,Koninkrijk der Nederlanden,nl-nl,Königreich der Niederlande,de-de,van Gassen,All rights reserved,TRUE,FALSE,
88a94486-c1da-4efb-a82b-fb00657c74f5,Bondsrepubliek Duitsland,nl-nl,Bundesrepublik Deutschland,de-de,van Gassen,All rights reserved,TRUE,FALSE,
a8d7d42a-4be5-4414-8ab3-5cd00be94c8c,dubbele belasting,nl-nl,Doppelbesteuerung,de-de,van Gassen,All rights reserved,TRUE,FALSE,
e4468445-400d-4376-951f-4e0abb7f8c99,ontgaan van belasting,nl-nl,Steuerverkürzung,de-de,van Gassen,All rights reserved,TRUE,FALSE,
64a7249e-5c96-489a-a4bb-e8c7f888cb31,belastingen naar het inkomen,nl-nl,Steuern vom Einkommen,de-de,van Gassen,All rights reserved,TRUE,FALSE,
a04729ed-6626-42b9-a869-5e34ad7813d4,rechtspersoon,nl-nl,juristische Person,de-de,van Gassen,All rights reserved,TRUE,FALSE,
c4f63b2f-1482-45e4-beb9-0fc4deeb017d,plaats van de werkelijke leiding,nl-nl,Ort der tatsächlichen Geschäftsleitung,de-de,van Gassen,All rights reserved,TRUE,FALSE,
ef6011f9-61a6-4c25-863a-a207fc4b64c9,grensoverschrijdend bedrijventerrein,nl-nl,grenzüberschreitendes Gewerbegebiet,de-de,van Gassen,All rights reserved,TRUE,FALSE,
5955c8e8-6f94-40ad-a75e-8c9fd07ee8e5,gemeenschappelijke grens,nl-nl,gemeinsame Grenze,de-de,van Gassen,All rights reserved,TRUE,FALSE,
48a73fee-8acf-4a93-bd3d-1fc7288a412b,vaste bedrijfsinrichting,nl-nl,feste Geschäftseinrichtung,de-de,van Gassen,All rights reserved,TRUE,FALSE,
6d6c9251-2711-41df-b025-6850851f6ccf,verdragsluitende staten,nl-nl,Vertragsstaaten,de-de,van Gassen,All rights reserved,TRUE,FALSE,
0b81b505-0a4b-427a-b252-187cb1edafca,inwoner,nl-nl,ansässig,de-de,van Gassen,All rights reserved,TRUE,FALSE,
245550ab-0e68-4242-a763-441b0f2bb867,eenduidig vastgesteld,nl-nl,eindeutig bestimmt,de-de,van Gassen,All rights reserved,TRUE,FALSE,
69c8602b-c28a-4037-ad22-40336df856b2,het grootste deel van de gebruikte oppervlakte,nl-nl,größerer Teil der genutzten Fläche,de-de,van Gassen,All rights reserved,TRUE,FALSE,
dc51aeaf-723b-4749-9663-0cdd7a90eee3,gebouw,nl-nl,Gebäude,de-de,van Gassen,All rights reserved,TRUE,FALSE,
eb81d204-065a-4e39-832a-c5be897ccc9d,werkelijke leiding van de onderneming,nl-nl,tatsächliche Geschäftsleitung des Unternehmens,de-de,van Gassen,All rights reserved,TRUE,FALSE,
ad9815e7-750a-4c82-9051-0d62eebc1528,vloeroppervlak gebruikt door de onderneming,nl-nl,vom Unternehmen genutzte Fläche,de-de,van Gassen,All rights reserved,TRUE,FALSE,
e84ada61-b4b0-4a20-806a-3912a91ecc2b,recht tot belastingheffing,nl-nl,Besteuerungsrecht,de-de,van Gassen,All rights reserved,TRUE,FALSE,
54c4b697-dd49-4e8f-beb8-ca90badbbff2,voorbeelden,nl-nl,Beispielsfälle,de-de,van Gassen,All rights reserved,TRUE,FALSE,
e767c25c-c4c0-4be5-8cb4-6f33cf558f62,voorbeeld,nl-nl,Beispielsfall,de-de,van Gassen,All rights reserved,TRUE,FALSE,
0d7d4ea5-3646-452b-8450-d083cf5495e5,onderneming,nl-nl,Unternehmen,de-de,van Gassen,All rights reserved,TRUE,FALSE,
9927423a-2301-42ea-9dfd-1424e17331bb,inkomsten van de onderneming,nl-nl,Gewinne des Unternehmens,de-de,van Gassen,All rights reserved,TRUE,FALSE,
6f2bab87-b047-45cb-bcc4-c868c768e554,economische betrekkingen,nl-nl,wirtschaftlichen Beziehungen,de-de,van Gassen,All rights reserved,TRUE,FALSE,
ffa8d448-326c-4304-b295-1ef8d7f05062,samenwerking op het gebied van belastingzaken,nl-nl,Zusammenarbeit in Steuersachen,de-de,van Gassen,All rights reserved,TRUE,FALSE,
00ae078b-6de3-4862-b132-e47f75bd6438,doeltreffende en juiste belastingheffing,nl-nl,wirksame und zutreffende Steuererhebung,de-de,van Gassen,All rights reserved,TRUE,FALSE,
32c08b55-779b-4222-b62b-b453f5010ae2,heffingsbevoegdheden,nl-nl,Besteuerungsrechte,de-de,van Gassen,All rights reserved,TRUE,FALSE,
7a177894-2c71-4f28-be86-40a768999b31,vermijden van dubbele heffing,nl-nl,Vermeidung der Doppelbesteuerung,de-de,van Gassen,All rights reserved,TRUE,FALSE,
3d8c9861-37b2-4f77-95b6-0b6a7c8494c5,personen die inwoner zijn van een verdragsluitende staat,nl-nl,"Personen, die in einem Vertragsstaat ansässig sind",de-de,van Gassen,All rights reserved,TRUE,FALSE,
af627708-0e07-4df6-a466-27ba146fbba2,belastingen naar het gehele inkomen,nl-nl,"Steuern, die vom Gesamteinkommen erhoben werden",de-de,van Gassen,All rights reserved,TRUE,FALSE,
ff796634-d395-4545-a99b-e22745bcb9ae,roerende of onroerende zaken,nl-nl,beweglichen oder unbeweglichen Vermögens,de-de,van Gassen,All rights reserved,TRUE,FALSE,
46a39629-7ff6-4b9e-bc9e-055068d6dfc1,loonbelasting,nl-nl,Lohnsummensteuern,de-de,van Gassen,All rights reserved,TRUE,FALSE,
f751d1bd-f848-4ebd-a49a-402d99387fda,ondernemingsbelasting,nl-nl,Gewerbesteuer,de-de,van Gassen,All rights reserved,TRUE,FALSE,
4b934c10-1397-41f2-9409-6df04b1a1d52,mijnbouwwet,nl-nl,Bergbaugesetz,de-de,van Gassen,All rights reserved,TRUE,FALSE,
fc38dbea-bafc-4955-8417-53912f53bd57,bevoegde autoriteiten,nl-nl,zuständigen Behörden,de-de,van Gassen,All rights reserved,TRUE,FALSE,
1bd26e19-d5c6-46d5-af02-5096241d942a,wezenlijke wijzigingen,nl-nl,wesentlichen Änderungen,de-de,van Gassen,All rights reserved,TRUE,FALSE,
268103b6-7fd9-44b1-994c-3470a95a0833,algemene begripsomschrijvingen,nl-nl,Allgemeine Begriffsbestimmungen,de-de,van Gassen,All rights reserved,TRUE,FALSE,
0bde416d-62b3-41a6-91fb-6e090d98d7c7,verdragsluitende staat,nl-nl,Vertragsstaat,de-de,van Gassen,All rights reserved,TRUE,FALSE,
3e46f9fa-f81a-458c-b114-c44fd651fca4,Duitsland,nl-nl,Deutschland,de-de,van Gassen,All rights reserved,TRUE,FALSE,
851f87e6-82c3-44a2-b989-714ea2115443,Nederland,nl-nl,Niederlande,de-de,van Gassen,All rights reserved,TRUE,FALSE,
be794a9e-d1ac-48bc-8d56-deaccb53f932,persoon,nl-nl,Person,de-de,van Gassen,All rights reserved,TRUE,FALSE,
2d10e3cf-5497-4433-b28f-645dfaa9a1c2,lichaam,nl-nl,Gesellschaft,de-de,van Gassen,All rights reserved,TRUE,FALSE,
b7713e78-3748-4c0e-947f-d8342e532dd7,bedrijfsuitoefening,nl-nl,Geschäftstätigkeit,de-de,van Gassen,All rights reserved,TRUE,FALSE,
570b8fdf-fad5-40b2-bfe9-2691c6537632,internationaal verkeer,nl-nl,internationaler Verkehr,de-de,van Gassen,All rights reserved,TRUE,FALSE,
29f51de8-e63b-439d-b5d1-b6d010822a52,onderdaan,nl-nl,Staatsangehöriger,de-de,van Gassen,All rights reserved,TRUE,FALSE,
d5af5191-31d9-47f1-a5d7-181013e8b77c,bevoegde autoriteit,nl-nl,zuständige Behörde,de-de,van Gassen,All rights reserved,TRUE,FALSE,
1829b3f7-7423-44d8-8fdd-e6112e52969a,inwoner,nl-nl,ansässige Person,de-de,van Gassen,All rights reserved,TRUE,FALSE,
d3a85ab2-1af4-48b3-97cf-c30cd7b8c17f,duurzaam tehuis,nl-nl,ständige Wohnstätte,de-de,van Gassen,All rights reserved,TRUE,FALSE,
ecf13ef6-0869-4a1b-af4f-2f1a5722b716,middelpunt van de levensbelangen,nl-nl,Mittelpunkt der Lebensinteressen,de-de,van Gassen,All rights reserved,TRUE,FALSE,
2c87f0a8-3e12-4bb5-a18e-4b3d0ee4bba1,gewoonlijk verblijft,nl-nl,gewöhnlichen Aufenthalt,de-de,van Gassen,All rights reserved,TRUE,FALSE,
0e7ba505-59b7-465b-bdda-4c12bbf49f4b,vaste inrichting,nl-nl,Betriebsstätte,de-de,van Gassen,All rights reserved,TRUE,FALSE,
cc3bc053-d4d3-4111-b76a-84a3757db939,werkzaamheden buitengaats,nl-nl,Tätigkeiten vor der Küste,de-de,van Gassen,All rights reserved,TRUE,FALSE,
fddb184a-41ff-45d7-becd-dd65d540ea68,bouwwerk of constructiewerkzaamheden,nl-nl,Bauausführung oder Montage,de-de,van Gassen,All rights reserved,TRUE,FALSE,
5f2caa83-f5c9-41f4-a0e3-ea6dce03f969,makelaar of commissionair,nl-nl,Makler oder Kommissionär,de-de,van Gassen,All rights reserved,TRUE,FALSE,
b5e66ade-02a5-415f-b2cc-39560d28abe3,onafhankelijke vertegenwoordiger,nl-nl,unabhängiger Vertreter,de-de,van Gassen,All rights reserved,TRUE,FALSE,
ec364133-7017-481d-8b23-f60d495db349,filiaal,nl-nl,Zweigniederlassung,de-de,van Gassen,All rights reserved,TRUE,FALSE,
7026bf2a-6331-4f50-bfe3-b8a091c81bcb,fabriek,nl-nl,Fabrikationsstätte,de-de,van Gassen,All rights reserved,TRUE,FALSE,
0320d364-85ca-4385-82b4-e531f10dabb2,werkplaats,nl-nl,Werkstätte,de-de,van Gassen,All rights reserved,TRUE,FALSE,
568c827f-8d35-4f2d-b5ad-48bf8fed9233,mijn,nl-nl,Bergwerk,de-de,van Gassen,All rights reserved,TRUE,FALSE,
9bc113ec-dbeb-4493-bc5b-d85f0ac74f1a,olie- of gasbron,nl-nl,Öl- oder Gasvorkommen,de-de,van Gassen,All rights reserved,TRUE,FALSE,
f0712b55-5d21-42d3-a231-0f90a56991b6,(steen)groeve,nl-nl,Steinbruch,de-de,van Gassen,All rights reserved,TRUE,FALSE,
1084ba75-aecb-487d-8f8d-8c6f9565aca2,natuurlijke rijkdommen,nl-nl,natürliche Ressourcen,de-de,van Gassen,All rights reserved,TRUE,FALSE,
bee54277-5a6f-40db-b11d-a79221dda7d2,inkomsten uit onroerende zaken,nl-nl,Einkünfte aus unbeweglichem Vermögen,de-de,van Gassen,All rights reserved,TRUE,FALSE,
fe322b80-793c-454b-8446-831432d88858,onroerende zaken,nl-nl,unbewegliches Vermögen,de-de,van Gassen,All rights reserved,TRUE,FALSE,
122924fb-2691-4c32-b785-894af2b50b70,landbouw- of bosbedrijven,nl-nl,land- und forstwirtschaftliche Betriebe,de-de,van Gassen,All rights reserved,TRUE,FALSE,
efa4b763-2e35-4fcf-9f30-a170b512fba7,vruchtgebruik,nl-nl,Nutzungsrechte,de-de,van Gassen,All rights reserved,TRUE,FALSE,
b19b513c-2e35-40ef-a978-af2ea2869a97,minerale aardlagen,nl-nl,Mineralvorkommen,de-de,van Gassen,All rights reserved,TRUE,FALSE,
cfd21ebd-ece6-43e0-a488-085603688055,bronnen en andere natuurlijke rijkdommen,nl-nl,Quellen und andere natürliche Ressourcen,de-de,van Gassen,All rights reserved,TRUE,FALSE,
89a556de-d8f0-43a8-b94e-ec5985747375,winst uit onderneming,nl-nl,Unternehmensgewinne,de-de,van Gassen,All rights reserved,TRUE,FALSE,
7a1b9dbe-c58a-4ecf-87f2-e004b80feced,"zeevaart, binnenvaart en luchtvervoer",nl-nl,"Seeschifffahrt, Binnenschifffahrt und Luftfahrt",de-de,van Gassen,All rights reserved,TRUE,FALSE,
79c6fa1a-0648-4f47-a0e2-d8c5059bfd12,schepen of luchtvaartuigen in internationaal verkeer,nl-nl,Seeschiffe oder Luftfahrzeuge im internationalen Verkehr,de-de,van Gassen,All rights reserved,TRUE,FALSE,
d6062f7e-ad69-46bb-b3f3-2bdeee4a85d7,binnenschepen,nl-nl,Binnenschiffe,de-de,van Gassen,All rights reserved,TRUE,FALSE,
70ace289-6a7c-405e-8a4c-254a05c800b0,containers,nl-nl,Container,de-de,van Gassen,All rights reserved,TRUE,FALSE,
a5d45520-337e-4dd7-8cfa-8cdc3057a231,pool,nl-nl,Pool,de-de,van Gassen,All rights reserved,TRUE,FALSE,
0d4c36fa-0f3d-43df-ac52-5643b82ad96e,gemeenschappelijke onderneming,nl-nl,Betriebsgemeinschaft,de-de,van Gassen,All rights reserved,TRUE,FALSE,
998d535e-7d9b-419d-8f35-2cba0e6b7f03,gelieerde ondernemingen,nl-nl,verbundene Unternehmen,de-de,van Gassen,All rights reserved,TRUE,FALSE,
2a665aca-3c4c-4e02-bf25-5a42841482a2,handelsbetrekkingen of financiële betrekkingen,nl-nl,kaufmännischen oder finanziellen Beziehungen,de-de,van Gassen,All rights reserved,TRUE,FALSE,
ba43a25e-b8a5-4dbe-9068-be2c146c3887,dividenden,nl-nl,Dividenden,de-de,van Gassen,All rights reserved,TRUE,FALSE,
521b8bed-3a31-46f7-9344-113b65f1d062,pensioenfonds,nl-nl,Pensionsfonds,de-de,van Gassen,All rights reserved,TRUE,FALSE,
7fd2eaa9-d08e-4d73-b1a3-6e40052e83e3,winstaandelen of winstbewijzen,nl-nl,Genussrechte oder Genussscheine,de-de,van Gassen,All rights reserved,TRUE,FALSE,
f83253ee-f57f-4a93-91f1-e86362feca94,mijnaandelen,nl-nl,Kuxen,de-de,van Gassen,All rights reserved,TRUE,FALSE,
8f4c1dd5-1a72-4e12-b4f8-52847758d358,oprichtersaandelen,nl-nl,Gründeranteile,de-de,van Gassen,All rights reserved,TRUE,FALSE,
90badb74-ab27-47b1-8771-2c5ab27d959d,interest,nl-nl,Zinsen,de-de,van Gassen,All rights reserved,TRUE,FALSE,
d05ada1a-12b5-4055-b8e8-ae87a93c76d3,schuldvorderingen,nl-nl,Forderungen,de-de,van Gassen,All rights reserved,TRUE,FALSE,
0c716b30-81f1-40c5-a1e0-c940767e116f,obligaties,nl-nl,Obligationen,de-de,van Gassen,All rights reserved,TRUE,FALSE,
655a257e-06a0-4b5b-af79-863324277187,schuldbewijzen,nl-nl,Losanleihen,de-de,van Gassen,All rights reserved,TRUE,FALSE,
36873c17-a232-4c14-b3d1-9640e3b4fe4c,boetes voor te late betaling,nl-nl,Zuschläge für verspätete Zahlung,de-de,van Gassen,All rights reserved,TRUE,FALSE,
2f9660e3-df3c-4a99-afad-ee00bbb40b1b,royalty's,nl-nl,Lizenzgebühren,de-de,van Gassen,All rights reserved,TRUE,FALSE,
937a89bf-ed95-4f94-991d-2cd061db2037,auteursrecht,nl-nl,Urheberrechten,de-de,van Gassen,All rights reserved,TRUE,FALSE,
a3878382-5bc2-4c73-84fc-554c113532b6,octrooi,nl-nl,Patenten,de-de,van Gassen,All rights reserved,TRUE,FALSE,
e64812e3-8cce-46d9-b9eb-e1e72eacb066,fabrieks- of handelsmerk,nl-nl,Warenzeichen,de-de,van Gassen,All rights reserved,TRUE,FALSE,
6f363695-4d99-40c2-8bbe-7164f4311715,tekening of model,nl-nl,Muster oder Modellen,de-de,van Gassen,All rights reserved,TRUE,FALSE,
7954cefe-4945-40ed-a167-60047da09053,geheim recept of geheime werkwijze,nl-nl,geheime Formeln oder Verfahren,de-de,van Gassen,All rights reserved,TRUE,FALSE,
d425d5af-d13c-47fb-8c21-fb6caee75cdc,"ervaringen op het gebied van nijverheid, handel of wetenschap",nl-nl,"gewerblicher, kaufmännischer oder wissenschaftlicher Erfahrungen",de-de,van Gassen,All rights reserved,TRUE,FALSE,
f4411b2e-1eba-4ee3-93ac-09fa0def17be,vermogenswinsten,nl-nl,Gewinne aus der Veräußerung von Vermögen,de-de,van Gassen,All rights reserved,TRUE,FALSE,
1034fed4-ac38-49b2-b50e-8ddaee6a6bd1,vervreemding van onroerende zaken,nl-nl,Veräußerung unbeweglichen Vermögens,de-de,van Gassen,All rights reserved,TRUE,FALSE,
2a76fda4-e88e-4ea4-b62f-aaefc014713b,aandelen of vergelijkbare belangen,nl-nl,Aktien oder vergleichbaren Anteilen,de-de,van Gassen,All rights reserved,TRUE,FALSE,
81dc7b7e-18ea-401b-a213-e18076ab9a47,erkende effectenbeurs,nl-nl,anerkannte Börse,de-de,van Gassen,All rights reserved,TRUE,FALSE,
7f5ae55d-1723-4856-a125-4b3bb9add0a1,bedrijfsvermogen,nl-nl,Betriebsvermögen,de-de,van Gassen,All rights reserved,TRUE,FALSE,
b7e6eb02-fd00-44ac-8fdd-197fd2a5692d,roerende zaken,nl-nl,beweglichen Vermögens,de-de,van Gassen,All rights reserved,TRUE,FALSE,
2dd94521-d75b-488d-a820-96aa28c4be4c,vervreemder,nl-nl,Veräußerer,de-de,van Gassen,All rights reserved,TRUE,FALSE,
64b06c09-e961-4f48-8ec6-3e4164f77829,waardevermeerdering van vermogen,nl-nl,Vermögenszuwachs,de-de,van Gassen,All rights reserved,TRUE,FALSE,
478aee50-6b39-4c64-bd11-281d09a3ff55,inkomsten uit dienstbetrekking,nl-nl,Einkünfte aus unselbständiger Arbeit,de-de,van Gassen,All rights reserved,TRUE,FALSE,
a6616c91-f779-4309-86c5-b97d4e72e420,dienstbetrekking,nl-nl,unselbständige Arbeit,de-de,van Gassen,All rights reserved,TRUE,FALSE,
dbb1832f-f985-4dd4-875c-9c519f96d3bd,"salarissen, lonen en andere soortgelijke beloningen",nl-nl,"Gehälter, Löhne und ähnliche Vergütungen",de-de,van Gassen,All rights reserved,TRUE,FALSE,
70cfd2e0-20e4-48bd-9ff4-b0e19ddc60e6,verordening (EEG) 1408/71,nl-nl,Verordnung (EWG) Nr. 1408/71,de-de,van Gassen,All rights reserved,TRUE,FALSE,
588980e2-c9be-471a-b29a-b986c505cedb,verordening (EG) 883/2004,nl-nl,Verordnung (EG) Nr. 883/2004,de-de,van Gassen,All rights reserved,TRUE,FALSE,
3c92837e-399a-4a3a-ae37-bd9bf4d2e598,directeursbeloningen,nl-nl,Aufsichtsrats- oder Verwaltungsratsvergütungen,de-de,van Gassen,All rights reserved,TRUE,FALSE,
38df100b-052e-467a-94a9-02aed01e8a30,lid van de raad van beheer,nl-nl,Mitglied des Aufsichts- oder Verwaltungsrats,de-de,van Gassen,All rights reserved,TRUE,FALSE,
066e2293-c577-40b6-9373-bb8aa92bd1c2,artiesten en sportbeoefenaars,nl-nl,Künstler und Sportler,de-de,van Gassen,All rights reserved,TRUE,FALSE,
2b5267d3-834d-45c6-ab95-739d62327f09,"toneelspeler, film-, radio- of televisie-artiest of musicus",nl-nl,"Bühnen-, Film-, Rundfunk- und Fernsehkünstler sowie Musiker",de-de,van Gassen,All rights reserved,TRUE,FALSE,
1e006b6f-399b-4841-9dbc-064392df5ef5,persoonlijke werkzaamheden,nl-nl,persönlich ausgeübte Tätigkeit,de-de,van Gassen,All rights reserved,TRUE,FALSE,
c7e3e66f-9076-4031-93a6-4363a7d28d43,socialezekerheidsuitkeringen,nl-nl,Sozialversicherungsleistungen,de-de,van Gassen,All rights reserved,TRUE,FALSE,
7fb047f1-a5d5-4068-aa7c-507801151a53,pensioenen en lijfrenten,nl-nl,Ruhegehälter und Renten,de-de,van Gassen,All rights reserved,TRUE,FALSE,
d6af0c17-adb2-47d9-af57-b8d73cb5b4b9,socialezekerheidspensioenen,nl-nl,Sozialversicherungsrenten,de-de,van Gassen,All rights reserved,TRUE,FALSE,
4ea699d9-d8e5-4df7-a2a7-1ce009f08283,periodieke betalingen,nl-nl,regelmäßig wiederkehrender Art,de-de,van Gassen,All rights reserved,TRUE,FALSE,
7bf386f3-20c2-42c4-9f2b-57c66c986e71,schadevergoeding wegens politieke vervolging,nl-nl,Entschädigung für politische Verfolgung,de-de,van Gassen,All rights reserved,TRUE,FALSE,
75b0764a-cdba-40bd-adbe-bef8a0146b03,algemene belang,nl-nl,öffentlichen Interesse,de-de,van Gassen,All rights reserved,TRUE,FALSE,
9ad6c69c-53aa-4b37-bdaf-c2495ba5d6b1,overheidsfuncties,nl-nl,öffentlicher Dienst,de-de,van Gassen,All rights reserved,TRUE,FALSE,
b48cb139-eddd-488f-ac59-43e962fb7eb0,bezoekende hoogleraren en docenten,nl-nl,Gastprofessoren und Lehrer,de-de,van Gassen,All rights reserved,TRUE,FALSE,
b5ef9f95-90ab-4f95-9e94-f78ae0828607,studenten,nl-nl,Studenten,de-de,van Gassen,All rights reserved,TRUE,FALSE,
4766db39-e8c0-4a5d-8bba-ae1bd6f2367d,overige inkomsten,nl-nl,Andere Einkünfte,de-de,van Gassen,All rights reserved,TRUE,FALSE,
fb004c93-e077-402f-9300-a7525bab51a8,vermijden van dubbele belasting,nl-nl,vermeidung der Doppelbesteuerung,de-de,van Gassen,All rights reserved,TRUE,FALSE,
9c528ee2-1566-4925-b4f4-9773da452d4f,belastinggrondslag,nl-nl,Bemessungsgrundlage,de-de,van Gassen,All rights reserved,TRUE,FALSE,
b9fb2a24-bd9e-4bbc-a81b-f9641d6a7736,bestanddeel van het inkomen,nl-nl,Einkünfte,de-de,van Gassen,All rights reserved,TRUE,FALSE,
165bc85f-b483-46e2-a165-fc6a3f1ba4ed,werkelijk wordt belast,nl-nl,tatsächlich besteuert werden,de-de,van Gassen,All rights reserved,TRUE,FALSE,
9619c027-582e-450c-b615-0bec76ea6d4a,samenwerkingsverband,nl-nl,Personengesellschaft,de-de,van Gassen,All rights reserved,TRUE,FALSE,
bda6c990-cd92-4108-81cb-b86c9b1c574a,kapitaal,nl-nl,Kapital,de-de,van Gassen,All rights reserved,TRUE,FALSE,
8b54067d-e0b7-471b-82de-808f4b5cb47b,winst van het lichaam,nl-nl,Gewinne der ausschüttenden Gesellschaft,de-de,van Gassen,All rights reserved,TRUE,FALSE,
44ed85ed-39fe-4b5d-a35c-40bc5f5539ec,verrekening van buitenlandse belasting,nl-nl,Anrechnung ausländischer Steuern,de-de,van Gassen,All rights reserved,TRUE,FALSE,
c76ea3b7-ce86-4d3b-a699-1d96ea935eee,ingevolge het Nederlandse belastingrecht,nl-nl,nach niederländischem Recht,de-de,van Gassen,All rights reserved,TRUE,FALSE,
c902b623-a499-4163-83e8-86d18c7db8f5,directeursbeloningen,nl-nl,Aufsichtsrats- und Verwaltungsratsvergütungen,de-de,van Gassen,All rights reserved,TRUE,FALSE,
534947da-b490-4639-afce-e1c5cdcf4024,"pensioenen, lijfrenten en socialezekerheidsuitkeringen",nl-nl,"Ruhegehälter, Renten und Sozialversicherungsleistungen",de-de,van Gassen,All rights reserved,TRUE,FALSE,
1df19332-69cb-4dd1-b8a7-469f14831b2e,belastingtarief,nl-nl,Steuersatz,de-de,van Gassen,All rights reserved,TRUE,FALSE,
c80623c8-eeea-4bc6-8617-eaa3bbc1d2b4,diplomatieke weg,nl-nl,diplomatischem Weg,de-de,van Gassen,All rights reserved,TRUE,FALSE,
d2d39736-75c8-4207-b813-536e0f01c0bf,belastingverrekening,nl-nl,Steueranrechnung,de-de,van Gassen,All rights reserved,TRUE,FALSE,
f482c041-57cc-46f0-b79b-78eee2b0fb74,Tweede Wereldoorlog,nl-nl,Zweiten Weltkrieg,de-de,van Gassen,All rights reserved,TRUE,FALSE,
5af67578-5b6a-4037-bfab-489700e9efbe,dwangarbeider,nl-nl,Zwangsarbeiter,de-de,van Gassen,All rights reserved,TRUE,FALSE,
8bb59f85-6d97-4c2e-b60f-a20a13c3b9b9,invaliditeitspensioenen,nl-nl,Verletztenrenten,de-de,van Gassen,All rights reserved,TRUE,FALSE,
2d461bce-c9ef-46e0-b2b9-a6a842e293e1,socialezekerheidswetgeving,nl-nl,Sozialversicherungsgesetze,de-de,van Gassen,All rights reserved,TRUE,FALSE,
22e2c05d-79b6-4452-8db7-467de2d5b3fe,belastingvermindering,nl-nl,Steuerermäßigung,de-de,van Gassen,All rights reserved,TRUE,FALSE,
7dc7caca-4c5c-42c2-9d12-bc2aae21cb6d,fiscale faciliëring,nl-nl,Steuervergünstigung,de-de,van Gassen,All rights reserved,TRUE,FALSE,
fc4bf7e0-bf92-426d-b4f4-f053f05690f7,belasting over deze bestanddelen van het inkomen,nl-nl,Steuer auf diese Einkünfte,de-de,van Gassen,All rights reserved,TRUE,FALSE,
cc37ccec-b834-47f9-90e6-ca9a029af34b,wettelijke vereisten,nl-nl,rechtlichen Voraussetzungen,de-de,van Gassen,All rights reserved,TRUE,FALSE,
48ead0b3-50f3-46e6-bf75-10e14f82989f,Toepassing van het Verdrag in bijzondere gevallen,nl-nl,Anwendung des Abkommens in bestimmten Fällen,de-de,van Gassen,All rights reserved,TRUE,FALSE,
7a2f2a9b-9839-46e6-9fdb-0ab675110e4c,non-discriminatie,nl-nl,Gleichbehandlung,de-de,van Gassen,All rights reserved,TRUE,FALSE,
7b1168e3-1923-45cb-8024-a5aebc5961c8,onderdanen,nl-nl,Staatsangehörige,de-de,van Gassen,All rights reserved,TRUE,FALSE,
4c072e7e-6cc3-4c2e-ac64-50b5c7fa5241,staatlozen,nl-nl,Staatenlose,de-de,van Gassen,All rights reserved,TRUE,FALSE,
90c5dbc5-88f0-43a5-be6c-0497f6e0400c,"persoonlijke aftrekken, tegemoetkomingen en verminderingen",nl-nl,"Steuerfreibeträge, -vergünstigungen und -ermäßigungen",de-de,van Gassen,All rights reserved,TRUE,FALSE,
1fd9c0c5-0b4a-408c-9a90-c1f1dd4106e0,"interest, royalty's en andere uitgaven",nl-nl,"Zinsen, Lizenzgebühren und andere Entgelte",de-de,van Gassen,All rights reserved,TRUE,FALSE,
55733b79-c0e0-4087-a866-b50af3f33fad,pensioenregeling,nl-nl,Altersversorgungssystem,de-de,van Gassen,All rights reserved,TRUE,FALSE,
ac472d23-68e8-4766-8dfd-ba74eda556f0,publiekrechtelijk socialezekerheidsstelsel,nl-nl,staatlichen Sozialversicherungssystems,de-de,van Gassen,All rights reserved,TRUE,FALSE,
80451a23-2f04-4a2d-8859-c02d587f63e2,procedure voor onderling overleg,nl-nl,Verständigungsverfahren,de-de,van Gassen,All rights reserved,TRUE,FALSE,
4fd8f214-6cd1-44ae-99d8-6068f6e4d6bd,boekenonderzoeken op grensoverschrijdende bedrijventerreinen,nl-nl,Außenprüfungen in grenzüberschreitenden Gewerbegebieten,de-de,van Gassen,All rights reserved,TRUE,FALSE,
1143167b-d74f-48b7-b8ab-26126ce81565,uitwisseling van informatie,nl-nl,Informationsaustausch,de-de,van Gassen,All rights reserved,TRUE,FALSE,
fe32c881-b934-439e-b0d8-7c235a8c9296,bijstand bij de invordering van belastingen,nl-nl,Amtshilfe bei der Erhebung von Steuern,de-de,van Gassen,All rights reserved,TRUE,FALSE,
627e3a60-b260-430c-8109-57bfa7a43315,procedures voor belastingheffing aan de bron,nl-nl,Verfahrensregeln für die Quellenbesteuerung,de-de,van Gassen,All rights reserved,TRUE,FALSE,
92750778-056d-4273-b7b2-a983a171071d,leden van diplomatieke vertegenwoordigingen en consulaire posten,nl-nl,Mitglieder diplomatischer Missionen und konsularischer Vertretungen,de-de,van Gassen,All rights reserved,TRUE,FALSE,
0c8cb6dd-192e-43f9-8749-3be4db1dc387,bijlage en Protocol,nl-nl,Anlage und Protokoll,de-de,van Gassen,All rights reserved,TRUE,FALSE,
670f98d3-d314-4990-859f-be4b3df9089f,uitbreiding tot andere gebieden,nl-nl,Ausweitung des räumlichen Geltungsbereichs,de-de,van Gassen,All rights reserved,TRUE,FALSE,
e5b5d91d-1a70-493e-bd5e-d4e36fb34975,inwerkingtreding,nl-nl,Inkrafttreten,de-de,van Gassen,All rights reserved,TRUE,FALSE,
b147ff3b-8a0c-43c8-b8ab-683a4b4abc65,bekrachtiging,nl-nl,Ratifikation,de-de,van Gassen,All rights reserved,TRUE,FALSE,
e62eb222-5bd0-4d4b-9ef1-c6c072c342e1,akten van bekrachtiging,nl-nl,Ratifikationsurkunden,de-de,van Gassen,All rights reserved,TRUE,FALSE,
46f56f63-292f-4f32-b913-5e18cf17dba7,in werking treden,nl-nl,in Kraft treten,de-de,van Gassen,All rights reserved,TRUE,FALSE,
188f3a2b-4c21-4d18-975e-63cac527ea73,belastingen geheven aan de bron,nl-nl,im Abzugsweg erhobenen Steuern,de-de,van Gassen,All rights reserved,TRUE,FALSE,
9e82bd96-aeeb-468e-b65a-01eec31e584d,overige belastingen,nl-nl,übrigen Steuern,de-de,van Gassen,All rights reserved,TRUE,FALSE,
d08a73a5-20c2-4313-845a-d4084031b1c5,kalenderjaar,nl-nl,Kalenderjahr,de-de,van Gassen,All rights reserved,TRUE,FALSE,
e951cec7-3aad-46ca-8dc2-0116d69e749d,Overeenkomst van 1959,nl-nl,Abkommen von 1959,de-de,van Gassen,All rights reserved,TRUE,FALSE,
2ea03843-fe7d-4f71-ba26-ed41cd4ac71f,Aanvullend Protocol,nl-nl,Zusatzprotokoll,de-de,van Gassen,All rights reserved,TRUE,FALSE,
1aaedddc-ff1f-4884-bef7-7558a1eb1071,Tweede Aanvullend Protocol,nl-nl,Zweite Zusatzprotokoll,de-de,van Gassen,All rights reserved,TRUE,FALSE,
4d5a2f44-fe98-47e4-bec0-7dce2b961f2f,Derde Aanvullend Protocol,nl-nl,Dritte Zusatzprotokoll,de-de,van Gassen,All rights reserved,TRUE,FALSE,
5565eeda-fcbf-4ecd-a89f-3f61c5c7218b,openstaande gevallen,nl-nl,offenen Fällen,de-de,van Gassen,All rights reserved,TRUE,FALSE,
0a9b9194-d1c4-4ec0-8120-233e299f1cb7,"belastingen, belastingjaren en -tijdvakken",nl-nl,"Steuern, Veranlagungsjahre und -zeiträume",de-de,van Gassen,All rights reserved,TRUE,FALSE,
2d4a3da0-151f-4162-be67-028ca3b38a34,voordelen,nl-nl,Vergünstigungen,de-de,van Gassen,All rights reserved,TRUE,FALSE,
ff00cf90-0a19-49b3-b98a-55f717639b3d,beëindiging,nl-nl,Kündigung,de-de,van Gassen,All rights reserved,TRUE,FALSE,
efa310ec-c1f6-4d81-8ecf-543e053db1c9,beëindigen,nl-nl,kündigen,de-de,van Gassen,All rights reserved,TRUE,FALSE,
28ea03d7-111b-407e-a830-5e8c7af6dfe1,kennisgeving van beëindiging,nl-nl,Kündigung,de-de,van Gassen,All rights reserved,TRUE,FALSE,
c2764460-5128-4a18-a583-75a207f61fe7,langs diplomatieke weg,nl-nl,auf diplomatischem Weg,de-de,van Gassen,All rights reserved,TRUE,FALSE,
1a23028b-01aa-4883-b2c0-725d22a8f826,verstrijken van een tijdvak van vijf jaar,nl-nl,Ablauf von fünf Jahren,de-de,van Gassen,All rights reserved,TRUE,FALSE,
1b47c6e1-118d-4725-b9ef-9dc5ef183494,GEDAAN te Berlijn,nl-nl,GESCHEHEN zu Berlin,de-de,van Gassen,All rights reserved,TRUE,FALSE,
9d09477f-6f96-48d8-98b7-58782295e5ac,Onderlinge overeenkomst tussen het Koninkrijk der Nederlanden en de Bondsrepubliek Duitsland,nl-nl,Verständigungsvereinbarung zwischen dem Königreich der Niederlande und der Bundesrepublik Deutschland,de-de,van Gassen,All rights reserved,TRUE,FALSE,
e48394ed-3324-43f8-b406-10c23c599e44,arbitrageprocedure,nl-nl,Schiedsverfahren,de-de,van Gassen,All rights reserved,TRUE,FALSE,
083e31d4-5564-4dde-8799-78d10b897dfe,verzoek om arbitrage,nl-nl,Schiedsantrag,de-de,van Gassen,All rights reserved,TRUE,FALSE,
26eb4bfb-b37b-4ffb-9bae-949549c5af19,arbiters,nl-nl,Schiedsrichter,de-de,van Gassen,All rights reserved,TRUE,FALSE,
165c5822-87cd-41b5-8d9d-47355aaf567b,voorzitter,nl-nl,Vorsitzender,de-de,van Gassen,All rights reserved,TRUE,FALSE,
0835faae-e2b7-4712-9403-00af69717432,hoogstgeplaatste functionaris van het Secretariaat van het Centre for Tax Policy and Administration van de OESO,nl-nl,hochrangigste Mitglied des Sekretariats des Zentrums für Steuerpolitik und Steuerverwaltung der OECD,de-de,van Gassen,All rights reserved,TRUE,FALSE,
8fe6a3c4-4028-457b-9f49-155871ed4a73,gestroomlijnde arbitrageprocedure,nl-nl,vereinfachtes Schiedsverfahren,de-de,van Gassen,All rights reserved,TRUE,FALSE,
cc063313-fb67-45c5-828d-1c6141ba6bc3,vertrouwelijkheid,nl-nl,Vertraulichkeit,de-de,van Gassen,All rights reserved,TRUE,FALSE,
4c198104-e02c-46d4-931a-52e1ebd1db27,procedure en bewijsvoering,nl-nl,Verfahrens- und Beweisregeln,de-de,van Gassen,All rights reserved,TRUE,FALSE,
bd7862ab-d34d-423d-a544-0c57a357e056,deelname door de persoon die om de arbitrage heeft verzocht,nl-nl,Beteiligung des Antragstellers,de-de,van Gassen,All rights reserved,TRUE,FALSE,
c2e4153a-d1ea-4b5b-8821-b792ebe15f36,logistieke maatregelen,nl-nl,Organisatorisches,de-de,van Gassen,All rights reserved,TRUE,FALSE,
bd19695d-d3af-46d3-b6b4-c591c25e0143,kosten,nl-nl,Kosten,de-de,van Gassen,All rights reserved,TRUE,FALSE,
26367cdc-d560-416e-8215-6ea3c5b1be6b,toepasselijke rechtsbeginselen,nl-nl,anzuwendende Rechtsgrundsätze,de-de,van Gassen,All rights reserved,TRUE,FALSE,
e454a635-966c-49b2-a8b3-be2b35ef13a1,arbitrale uitspraak,nl-nl,Schiedsspruch,de-de,van Gassen,All rights reserved,TRUE,FALSE,
809145d4-e5cd-41b7-86b9-e8f15fa9c31e,definitieve uitspraak,nl-nl,Endgültige Entscheidung,de-de,van Gassen,All rights reserved,TRUE,FALSE,
3ae04567-f843-4f93-af48-1794b5ecd684,tenuitvoerlegging van de arbitrale uitspraak,nl-nl,Umsetzung des Schiedsspruchs,de-de,van Gassen,All rights reserved,TRUE,FALSE,
9069cfc5-34d1-40c5-8bd5-eca1e6096e49,Europees Parlement,nl-nl,Europäisches Parlament,de-de,van Gassen,All rights reserved,TRUE,FALSE,
af38287f-3a91-479d-8352-fa5cb29c44a1,stille vennoot,nl-nl,stiller Gesellschafter,de-de,van Gassen,All rights reserved,TRUE,FALSE,
52b21622-8442-40d3-943b-645321c51e70,lening met een rentepercentage gekoppeld aan de winst van de schuldenaar,nl-nl,partiarisches Darlehen,de-de,van Gassen,All rights reserved,TRUE,FALSE,
358f96df-b1d3-497d-a04b-b773f1a947ee,obligaties met winstdeling,nl-nl,Gewinnobligationen,de-de,van Gassen,All rights reserved,TRUE,FALSE,
998f98ea-6b62-4bf6-9a9f-0b7288c510e2,besloten fondsen voor gemene rekening,nl-nl,geschlossene Fonds für gemeinsame Rechnung,de-de,van Gassen,All rights reserved,TRUE,FALSE,
4eb0a579-0d55-474b-a392-e208dfd9013b,investeringsregelingen of samenwerkingsverbanden,nl-nl,Investmentvermögen oder Personengesellschaften,de-de,van Gassen,All rights reserved,TRUE,FALSE,
